answer_id,sent_idx,best_url,best_score,second_url,second_score
gpt-01,0,https://nextindonesia.id/Research/2026/08/07/290/Daya-Pikat-Bank-Digital,0.4444,https://bankneocommerce.co.id/id/personal/savings/neo-now,0.2222
gpt-01,1,https://krom.id/faq,0.1818,https://bankneocommerce.co.id/id/personal/savings/neo-now,0.1818
gpt-01,2,https://bankneocommerce.co.id/id/personal/savings/neo-now,0.3448,https://nextindonesia.id/Research/2026/08/07/290/Daya-Pikat-Bank-Digital,0.3448
gpt-01,3,https://nextindonesia.id/Research/2026/08/07/290/Daya-Pikat-Bank-Digital,1.0,https://krom.id,0.0
gpt-02,0,https://jago.com/id/support/rates/5,0.25,https://krom.id/syarat-ketentuan,0.25
gpt-02,1,https://jago.com/id/support/rates/5,0.2857,https://seabank.co.id,0.2857
gpt-02,2,https://blubybcadigital.id/info/fees-rates,0.25,https://bankneocommerce.co.id/id/personal/savings/neo-now,0.25
gpt-02,3,https://jago.com/id/support/rates/5,1.0,https://blubybcadigital.id/info/fees-rates,1.0
gpt-02,4,https://bankneocommerce.co.id/id/personal/savings/neo-now,1.0,https://krom.id/faq,1.0
gpt-02,5,https://blubybcadigital.id/info/fees-rates,1.0,https://krom.id/faq,1.0
gpt-02,6,https://krom.id/biaya-dan-limit,1.0,https://krom.id/faq,1.0
gpt-02,7,https://krom.id/biaya-dan-limit,1.0,https://blubybcadigital.id/info/fees-rates,1.0
gpt-02,8,https://jago.com/id/support/rates/5,0.625,https://krom.id/biaya-dan-limit,0.125
gpt-02,9,https://krom.id/faq,1.0,https://krom.id/syarat-ketentuan,1.0
gpt-02,10,https://seabank.co.id,1.0,https://invesnesia.com/bank/perbandingan-bank-digital-di-indonesia,1.0
gpt-02,11,https://krom.id/biaya-dan-limit,1.0,https://blubybcadigital.id/info/fees-rates,1.0
gpt-02,12,https://krom.id/faq,0.5,https://blubybcadigital.id/info/fees-rates,0.375
gpt-02,13,https://krom.id/faq,0.5,https://krom.id/syarat-ketentuan,0.5
gpt-02,14,https://jago.com/id/support/rates/5,1.0,https://invesnesia.com/bank/perbandingan-bank-digital-di-indonesia,1.0
gpt-02,15,https://krom.id/biaya-dan-limit,1.0,https://blubybcadigital.id/info/fees-rates,1.0
gpt-02,16,https://jago.com/id/support/rates/5,0.75,https://krom.id/faq,0.25
gpt-02,17,https://blubybcadigital.id/info/fees-rates,1.0,https://krom.id/biaya-dan-limit,0.5
gpt-02,18,https://blubybcadigital.id/info/fees-rates,1.0,https://krom.id/biaya-dan-limit,0.0
gpt-02,19,https://krom.id/biaya-dan-limit,1.0,https://blubybcadigital.id/info/fees-rates,1.0
gpt-02,20,https://blubybcadigital.id/info/fees-rates,0.5,https://krom.id/biaya-dan-limit,0.0
gpt-02,21,https://blubybcadigital.id/info/fees-rates,0.5,https://krom.id/biaya-dan-limit,0.0
gpt-02,22,https://bankneocommerce.co.id/id/personal/savings/neo-now,1.0,https://krom.id/biaya-dan-limit,0.0
gpt-02,23,https://krom.id/biaya-dan-limit,1.0,https://blubybcadigital.id/info/fees-rates,1.0
gpt-02,24,https://bankneocommerce.co.id/id/personal/savings/neo-now,0.8,https://jago.com/id/support/rates/5,0.4
gpt-02,25,https://krom.id/faq,0.2857,https://blubybcadigital.id/info/fees-rates,0.1429
gpt-02,26,https://blubybcadigital.id/info/fees-rates,0.0909,https://invesnesia.com/bank/perbandingan-bank-digital-di-indonesia,0.0909
gpt-02,27,https://blubybcadigital.id/info/fees-rates,0.2857,https://krom.id/faq,0.2857
gpt-02,28,https://krom.id/syarat-ketentuan,0.7143,https://blubybcadigital.id/info/fees-rates,0.2857
gpt-03,0,https://bca.co.id/id/Individu/layanan/e-banking/BCA-Mobile,0.2222,https://bankmandiri.co.id/livin,0.0
gpt-03,1,https://bankmandiri.co.id/livin,0.0952,https://id.unstore.io/discover/best-mybca-alternatives,0.0952
gpt-03,2,https://bankmandiri.co.id/livin,0.0,https://bca.co.id/id/Individu/layanan/e-banking/BCA-Mobile,0.0
gpt-03,3,https://bankmandiri.co.id/livin,0.0588,https://id.unstore.io/discover/best-mybca-alternatives,0.0588
gpt-03,4,https://bankmandiri.co.id/livin,0.0,https://bca.co.id/id/Individu/layanan/e-banking/BCA-Mobile,0.0
gpt-03,5,https://bankmandiri.co.id/livin,0.0,https://bca.co.id/id/Individu/layanan/e-banking/BCA-Mobile,0.0
gpt-03,6,https://bankmandiri.co.id/livin,1.0,https://id.unstore.io/discover/best-mybca-alternatives,1.0
gpt-03,7,https://bankmandiri.co.id/livin,0.0,https://bca.co.id/id/Individu/layanan/e-banking/BCA-Mobile,0.0
gpt-03,8,https://bankmandiri.co.id/livin,0.0,https://bca.co.id/id/Individu/layanan/e-banking/BCA-Mobile,0.0
gpt-03,9,https://bca.co.id/id/Individu/layanan/e-banking/BCA-Mobile,0.5,https://bankmandiri.co.id/livin,0.0
gpt-03,10,https://bankmandiri.co.id/livin,1.0,https://id.unstore.io/discover/best-mybca-alternatives,1.0
gpt-03,11,https://id.unstore.io/discover/best-mybca-alternatives,1.0,https://bankmandiri.co.id/livin,0.0
gpt-03,12,https://bankmandiri.co.id/livin,0.0,https://bca.co.id/id/Individu/layanan/e-banking/BCA-Mobile,0.0
gpt-03,13,https://bankmandiri.co.id/livin,0.0,https://bca.co.id/id/Individu/layanan/e-banking/BCA-Mobile,0.0
gpt-03,14,https://bca.co.id/id/Individu/layanan/e-banking/BCA-Mobile,0.5,https://bankmandiri.co.id/livin,0.0
gpt-03,15,https://id.unstore.io/discover/best-mybca-alternatives,1.0,https://bankmandiri.co.id/livin,0.0
gpt-03,16,https://id.unstore.io/discover/best-mybca-alternatives,1.0,https://bankmandiri.co.id/livin,0.0
gpt-03,17,https://id.unstore.io/discover/best-mybca-alternatives,0.5,https://bankmandiri.co.id/livin,0.0
gpt-03,18,https://bca.co.id/id/Individu/layanan/e-banking/BCA-Mobile,0.1111,https://bankmandiri.co.id/livin,0.0
gpt-03,19,https://bca.co.id/id/Individu/layanan/e-banking/BCA-Mobile,0.5,https://bankmandiri.co.id/livin,0.0
gpt-03,20,https://id.unstore.io/discover/best-mybca-alternatives,1.0,https://bankmandiri.co.id/livin,0.5
gpt-03,21,https://seabank.co.id,1.0,https://id.unstore.io/discover/best-mybca-alternatives,1.0
gpt-03,22,https://bankmandiri.co.id/livin,0.0,https://bca.co.id/id/Individu/layanan/e-banking/BCA-Mobile,0.0
gpt-03,23,https://seabank.co.id,0.1429,https://id.unstore.io/discover/best-mybca-alternatives,0.1429
gpt-03,24,https://seabank.co.id,0.2,https://id.unstore.io/discover/best-mybca-alternatives,0.2
gpt-03,25,https://bca.co.id/id/Individu/layanan/e-banking/BCA-Mobile,0.5,https://bankmandiri.co.id/livin,0.0
gpt-03,26,https://seabank.co.id,1.0,https://id.unstore.io/discover/best-mybca-alternatives,1.0
gpt-03,27,https://jago.com,1.0,https://id.unstore.io/discover/best-mybca-alternatives,1.0
gpt-03,28,https://bankmandiri.co.id/livin,0.0,https://bca.co.id/id/Individu/layanan/e-banking/BCA-Mobile,0.0
gpt-03,29,https://wondr.bni.co.id,0.1111,https://bankmandiri.co.id/livin,0.0
gpt-03,30,https://bca.co.id/id/Individu/layanan/e-banking/BCA-Mobile,0.5,https://bankmandiri.co.id/livin,0.0
gpt-03,31,https://jago.com,1.0,https://id.unstore.io/discover/best-mybca-alternatives,1.0
gpt-03,32,https://bankmandiri.co.id/livin,0.0,https://bca.co.id/id/Individu/layanan/e-banking/BCA-Mobile,0.0
gpt-03,33,https://bankmandiri.co.id/livin,0.3333,https://id.unstore.io/discover/best-mybca-alternatives,0.3333
gpt-03,34,https://id.unstore.io/discover/best-mybca-alternatives,0.5,https://bankmandiri.co.id/livin,0.0
gpt-03,35,https://seabank.co.id,0.3333,https://bankmandiri.co.id/livin,0.0
gpt-03,36,https://jago.com,0.2,https://id.unstore.io/discover/best-mybca-alternatives,0.2
gpt-03,37,https://bankmandiri.co.id/livin,0.0,https://bca.co.id/id/Individu/layanan/e-banking/BCA-Mobile,0.0
gpt-03,38,https://wondr.bni.co.id,1.0,https://id.unstore.io/discover/best-mybca-alternatives,1.0
gpt-03,39,https://bca.co.id/id/Individu/layanan/e-banking/BCA-Mobile,1.0,https://bankmandiri.co.id/livin,0.0
gpt-03,40,https://bankmandiri.co.id/livin,0.0,https://bca.co.id/id/Individu/layanan/e-banking/BCA-Mobile,0.0
gpt-03,41,https://wondr.bni.co.id,1.0,https://id.unstore.io/discover/best-mybca-alternatives,1.0
gpt-03,42,https://id.unstore.io/discover/best-mybca-alternatives,0.5,https://bankmandiri.co.id/livin,0.0
gpt-03,43,https://seabank.co.id,0.0833,https://id.unstore.io/discover/best-mybca-alternatives,0.0833
gpt-04,0,https://seabank.co.id,0.1429,https://banksaqu.co.id,0.1429
gpt-04,1,https://lps.go.id/en/deposit-insurance,0.0,https://lps.go.id,0.0
gpt-04,2,https://lps.go.id/en/deposit-insurance,0.0,https://lps.go.id,0.0
gpt-04,3,https://lps.go.id/en/deposit-insurance,0.0,https://lps.go.id,0.0
gpt-04,4,https://jago.com/id/support/faq/tentang-jago/bank-jago/apakah-jago-berizin-dan-diawasi-oleh-regulator,1.0,https://lps.go.id/en/deposit-insurance,0.5
gpt-04,5,https://lps.go.id/en/deposit-insurance,0.0,https://lps.go.id,0.0
gpt-04,6,https://jago.com/id/support/faq/tentang-jago/bank-jago/apakah-jago-berizin-dan-diawasi-oleh-regulator,0.3333,https://seabank.co.id,0.3333
gpt-04,7,https://jago.com/id/support/faq/tentang-jago/bank-jago/apakah-jago-berizin-dan-diawasi-oleh-regulator,1.0,https://lps.go.id/en/deposit-insurance,0.0
gpt-04,8,https://lps.go.id/en/deposit-insurance,0.5,https://ojk.go.id/id/kanal/perbankan/data-dan-statistik/direktori-perbankan-indonesia/default.aspx,0.5
gpt-04,9,https://lps.go.id/en/deposit-insurance,0.0,https://lps.go.id,0.0
gpt-04,10,https://lps.go.id/en/deposit-insurance,0.0,https://lps.go.id,0.0
gpt-04,11,https://ojk.go.id/id/regulasi/Pages/Layanan-Digital-Oleh-Bank-Umum.Aspx,0.25,https://seabank.co.id,0.125
gpt-04,12,https://lps.go.id/en/deposit-insurance,0.0,https://lps.go.id,0.0
gpt-04,13,https://lps.go.id/en/deposit-insurance,0.5,https://ojk.go.id/id/kanal/perbankan/data-dan-statistik/direktori-perbankan-indonesia/default.aspx,0.5
gpt-04,14,https://lps.go.id/en/deposit-insurance,0.0,https://lps.go.id,0.0
gpt-04,15,https://seabank.co.id,1.0,https://lps.go.id/en/deposit-insurance,0.0
gpt-04,16,https://lps.go.id/en/deposit-insurance,0.0,https://lps.go.id,0.0
gpt-04,17,https://seabank.co.id,0.25,https://banksaqu.co.id,0.25
gpt-04,18,https://lps.go.id/en/deposit-insurance,0.5,https://ojk.go.id/id/kanal/perbankan/data-dan-statistik/direktori-perbankan-indonesia/default.aspx,0.5
gpt-04,19,https://seabank.co.id,1.0,https://lps.go.id/en/deposit-insurance,0.5
gpt-04,20,https://banksaqu.co.id,1.0,https://lps.go.id/en/deposit-insurance,0.5
gpt-04,21,https://lps.go.id/en/deposit-insurance,0.0,https://lps.go.id,0.0
gpt-04,22,https://lps.go.id/en/deposit-insurance,0.0,https://lps.go.id,0.0
gpt-04,23,https://lps.go.id/en/deposit-insurance,0.5,https://ojk.go.id/id/kanal/perbankan/data-dan-statistik/direktori-perbankan-indonesia/default.aspx,0.5
gpt-04,24,https://banksaqu.co.id,1.0,https://lps.go.id/en/deposit-insurance,0.5
gpt-04,25,https://seabank.co.id,0.25,https://banksaqu.co.id,0.25
gpt-04,26,https://seabank.co.id,0.4286,https://banksaqu.co.id,0.3571
gpt-04,27,https://lps.go.id/en/deposit-insurance,0.0,https://lps.go.id,0.0
gpt-04,28,https://lps.go.id/en/deposit-insurance,0.0,https://lps.go.id,0.0
gpt-04,29,https://seabank.co.id,0.3,https://banksaqu.co.id,0.3
gpt-04,30,https://lps.go.id/en/deposit-insurance,0.0,https://lps.go.id,0.0
gpt-04,31,https://lps.go.id/en/deposit-insurance,0.0,https://lps.go.id,0.0
gpt-04,32,https://lps.go.id/en/deposit-insurance,1.0,https://lps.go.id,1.0
gpt-04,33,https://lps.go.id/en/deposit-insurance,0.0,https://lps.go.id,0.0
gpt-04,34,https://lps.go.id,0.2857,https://seabank.co.id,0.2857
gpt-04,35,https://lps.go.id/en/deposit-insurance,0.0,https://lps.go.id,0.0
gpt-05,0,https://bankartos.co.id/perbankan-digital/280321336/review-7-bank-digital-indonesia-2026-dan-cara-memilih-yang-tepat,0.2667,https://infobanknews.com/adu-pengalaman-nasabah-bni-bank-muamalat-hingga-bank-jateng-jadi-yang-terbaik,0.1333
gpt-05,1,https://infobanknews.com/adu-pengalaman-nasabah-bni-bank-muamalat-hingga-bank-jateng-jadi-yang-terbaik,0.5,https://bankartos.co.id/perbankan-digital/280321336/review-7-bank-digital-indonesia-2026-dan-cara-memilih-yang-tepat,0.1538
gpt-05,2,https://infobanknews.com/adu-pengalaman-nasabah-bni-bank-muamalat-hingga-bank-jateng-jadi-yang-terbaik,0.6,https://seabank.co.id/help-center,0.0
gpt-05,3,https://infobanknews.com/adu-pengalaman-nasabah-bni-bank-muamalat-hingga-bank-jateng-jadi-yang-terbaik,0.1111,https://seabank.co.id/help-center,0.0
gpt-05,4,https://bankartos.co.id/perbankan-digital/280321336/review-7-bank-digital-indonesia-2026-dan-cara-memilih-yang-tepat,0.3333,https://infobanknews.com/adu-pengalaman-nasabah-bni-bank-muamalat-hingga-bank-jateng-jadi-yang-terbaik,0.0
gpt-05,5,https://infobanknews.com/adu-pengalaman-nasabah-bni-bank-muamalat-hingga-bank-jateng-jadi-yang-terbaik,0.3333,https://keuangan.kontan.co.id/news/survei-menunjukkan-performa-aplikasi-jadi-perhatian-pengguna-bank-digital,0.3333
gpt-05,6,https://bankartos.co.id/perbankan-digital/280321336/review-7-bank-digital-indonesia-2026-dan-cara-memilih-yang-tepat,0.5,https://seabank.co.id/perusahaan/transparansi/hubungan-investor/mekanisme-pengaduan,0.2857
gpt-05,7,https://seabank.co.id/perusahaan/transparansi/hubungan-investor/mekanisme-pengaduan,0.25,https://bankartos.co.id/perbankan-digital/280321336/review-7-bank-digital-indonesia-2026-dan-cara-memilih-yang-tepat,0.25
gpt-05,8,https://jago.com/id/support/faq/tentang-jago/akun-jago-kamu/prosedur-pengaduan-nasabah,0.4,https://infobanknews.com/adu-pengalaman-nasabah-bni-bank-muamalat-hingga-bank-jateng-jadi-yang-terbaik,0.0
gpt-05,9,https://infobanknews.com/adu-pengalaman-nasabah-bni-bank-muamalat-hingga-bank-jateng-jadi-yang-terbaik,0.1176,https://jago.com/id/support/faq/tentang-jago/akun-jago-kamu/prosedur-pengaduan-nasabah,0.1176
gpt-05,10,https://bankartos.co.id/perbankan-digital/280321336/review-7-bank-digital-indonesia-2026-dan-cara-memilih-yang-tepat,0.6667,https://bca.co.id/id/Individu/layanan/Customer-Service/HaloBCA,0.3333
gpt-05,11,https://infobanknews.com/adu-pengalaman-nasabah-bni-bank-muamalat-hingga-bank-jateng-jadi-yang-terbaik,0.0,https://seabank.co.id/help-center,0.0
gpt-05,12,https://bca.co.id/id/Individu/layanan/Customer-Service/HaloBCA,0.4,https://seabank.co.id/perusahaan/transparansi/hubungan-investor/mekanisme-pengaduan,0.1
gpt-05,13,https://bca.co.id/id/Individu/layanan/Customer-Service/HaloBCA,0.2,https://bca.co.id/id/tentang-bca/sustainability/social/customer-relations/customer-relations-management,0.2
gpt-05,14,https://bca.co.id/id/Individu/layanan/Customer-Service/HaloBCA,0.1,https://infobanknews.com/adu-pengalaman-nasabah-bni-bank-muamalat-hingga-bank-jateng-jadi-yang-terbaik,0.0
gpt-05,15,https://bca.co.id/id/Individu/layanan/Customer-Service/HaloBCA,0.6667,https://bca.co.id/id/tentang-bca/sustainability/social/customer-relations/customer-relations-management,0.3333
gpt-05,16,https://jago.com/id/support/faq/tentang-jago/akun-jago-kamu/prosedur-pengaduan-nasabah,0.4,https://bankartos.co.id/perbankan-digital/280321336/review-7-bank-digital-indonesia-2026-dan-cara-memilih-yang-tepat,0.4
gpt-05,17,https://bca.co.id/id/Individu/layanan/Customer-Service/HaloBCA,0.25,https://jago.com/id/support/faq/tentang-jago/akun-jago-kamu/prosedur-pengaduan-nasabah,0.25
gpt-05,18,https://jago.com/id/support/faq/tentang-jago/akun-jago-kamu/prosedur-pengaduan-nasabah,0.3125,https://seabank.co.id/perusahaan/transparansi/hubungan-investor/mekanisme-pengaduan,0.1875
gpt-05,19,https://bankartos.co.id/perbankan-digital/280321336/review-7-bank-digital-indonesia-2026-dan-cara-memilih-yang-tepat,0.6,https://jago.com/id/support/faq/tentang-jago/akun-jago-kamu/prosedur-pengaduan-nasabah,0.4
gpt-05,20,https://infobanknews.com/adu-pengalaman-nasabah-bni-bank-muamalat-hingga-bank-jateng-jadi-yang-terbaik,0.1429,https://seabank.co.id/perusahaan/transparansi/hubungan-investor/mekanisme-pengaduan,0.1429
gpt-05,21,https://bca.co.id/id/Individu/layanan/Customer-Service/HaloBCA,0.1429,https://jago.com/id/support/faq/tentang-jago/akun-jago-kamu/prosedur-pengaduan-nasabah,0.1429
gpt-05,22,https://bca.co.id/id/Individu/layanan/Customer-Service/HaloBCA,0.2857,https://bca.co.id/id/tentang-bca/sustainability/social/customer-relations/customer-relations-management,0.1429
gpt-06,0,https://jago.com/id/syariah/rates/5,0.0,https://seabank.co.id,0.0
gpt-06,1,https://idntimes.com/tech/trend/rekomendasi-bank-digital-mahasiswa-baru-c1c2-01-3x47n-mg1cz3,0.4,https://tuwaga.id/artikel/bank-digital-terbaik-2026,0.2
gpt-06,2,https://bankraya.co.id,0.125,https://idntimes.com/tech/trend/rekomendasi-bank-digital-mahasiswa-baru-c1c2-01-3x47n-mg1cz3,0.125
gpt-06,3,https://idntimes.com/tech/trend/rekomendasi-bank-digital-mahasiswa-baru-c1c2-01-3x47n-mg1cz3,0.4444,https://nobugo.nobubank.com/blog/bank-digital-tanpa-biaya-admin,0.4444
gpt-06,4,https://tuwaga.id/artikel/bank-digital-terbaik-2026,0.4286,https://idntimes.com/tech/trend/rekomendasi-bank-digital-mahasiswa-baru-c1c2-01-3x47n-mg1cz3,0.2857
gpt-06,5,https://jago.com/id/syariah/rates/5,0.0,https://seabank.co.id,0.0
gpt-06,6,https://idntimes.com/tech/trend/rekomendasi-bank-digital-mahasiswa-baru-c1c2-01-3x47n-mg1cz3,0.4,https://nobugo.nobubank.com/blog/bank-digital-tanpa-biaya-admin,0.4
gpt-06,7,https://jago.com/id/syariah/rates/5,0.0,https://seabank.co.id,0.0
gpt-06,8,https://jago.com/id/syariah/rates/5,0.0,https://seabank.co.id,0.0
gpt-06,9,https://jago.com/id/syariah/rates/5,0.1667,https://seabank.co.id,0.1667
gpt-06,10,https://seabank.co.id,0.25,https://bankraya.co.id,0.25
gpt-06,11,https://kitacoba.com/referensi/biaya-admin-bank,0.1667,https://nobugo.nobubank.com/blog/bank-digital-tanpa-biaya-admin,0.1667
gpt-06,12,https://kitacoba.com/referensi/biaya-admin-bank,0.25,https://jago.com/id/syariah/rates/5,0.0
gpt-06,13,https://idntimes.com/tech/trend/rekomendasi-bank-digital-mahasiswa-baru-c1c2-01-3x47n-mg1cz3,1.0,https://tuwaga.id/artikel/bank-digital-terbaik-2026,1.0
gpt-06,14,https://idntimes.com/tech/trend/rekomendasi-bank-digital-mahasiswa-baru-c1c2-01-3x47n-mg1cz3,0.2,https://tuwaga.id/artikel/bank-digital-terbaik-2026,0.2
gpt-06,15,https://idntimes.com/tech/trend/rekomendasi-bank-digital-mahasiswa-baru-c1c2-01-3x47n-mg1cz3,0.5,https://tuwaga.id/artikel/bank-digital-terbaik-2026,0.25
gpt-06,16,https://idntimes.com/tech/trend/rekomendasi-bank-digital-mahasiswa-baru-c1c2-01-3x47n-mg1cz3,0.3333,https://jago.com,0.3333
gpt-06,17,https://bankraya.co.id,0.25,https://kitacoba.com/referensi/biaya-admin-bank,0.25
gpt-06,18,https://jago.com/id/syariah/rates/5,0.0,https://seabank.co.id,0.0
gpt-06,19,https://seabank.co.id,0.1429,https://tuwaga.id/artikel/bank-digital-terbaik-2026,0.1429
gpt-06,20,https://seabank.co.id,0.1667,https://idntimes.com/tech/trend/rekomendasi-bank-digital-mahasiswa-baru-c1c2-01-3x47n-mg1cz3,0.0833
gpt-06,21,https://bankraya.co.id,0.1,https://idntimes.com/tech/trend/rekomendasi-bank-digital-mahasiswa-baru-c1c2-01-3x47n-mg1cz3,0.1
gpt-07,0,https://kawula.id/rekomendasi-bank-digital-terbaik,0.4545,https://nobugo.nobubank.com/blog/gratis-transfer-unlimited-dengan-nobu-go,0.1818
gpt-07,1,https://nobugo.nobubank.com/blog/gratis-transfer-unlimited-dengan-nobu-go,0.2,https://kawula.id/rekomendasi-bank-digital-terbaik,0.1
gpt-07,2,https://nobugo.nobubank.com/blog/gratis-transfer-unlimited-dengan-nobu-go,0.4545,https://kawula.id/rekomendasi-bank-digital-terbaik,0.3636
gpt-07,3,https://nobugo.nobubank.com/blog/gratis-transfer-unlimited-dengan-nobu-go,0.1333,https://krom.id/faq,0.0667
gpt-07,4,https://nobugo.nobubank.com/blog/gratis-transfer-unlimited-dengan-nobu-go,0.2727,https://jago.com/id/support/faq/tentang-jago/bank-jago/apa-kelebihan-jago,0.1818
gpt-07,5,https://krom.id/faq,0.6667,https://nobugo.nobubank.com/blog/gratis-transfer-unlimited-dengan-nobu-go,0.3333
gpt-07,6,https://kawula.id/rekomendasi-bank-digital-terbaik,0.3333,https://nobugo.nobubank.com/blog/gratis-transfer-unlimited-dengan-nobu-go,0.0
gpt-07,7,https://nobugo.nobubank.com/blog/gratis-transfer-unlimited-dengan-nobu-go,0.125,https://jago.com/id/support/faq/tentang-jago/bank-jago/apa-kelebihan-jago,0.0
gpt-07,8,https://nobugo.nobubank.com/blog/gratis-transfer-unlimited-dengan-nobu-go,0.2857,https://jago.com/id/support/faq/tentang-jago/bank-jago/apa-kelebihan-jago,0.2857
gpt-07,9,https://nobugo.nobubank.com/blog/gratis-transfer-unlimited-dengan-nobu-go,0.6,https://krom.id/faq,0.4
gpt-07,10,https://seabank.co.id,1.0,https://play.google.com/store/apps/details?id=com.jago.digitalBanking,0.3333
gpt-07,11,https://nobugo.nobubank.com/blog/gratis-transfer-unlimited-dengan-nobu-go,0.6667,https://krom.id/faq,0.6667
gpt-07,12,https://nobugo.nobubank.com/blog/gratis-transfer-unlimited-dengan-nobu-go,0.3,https://krom.id/faq,0.2
gpt-07,13,https://nobugo.nobubank.com/blog/gratis-transfer-unlimited-dengan-nobu-go,0.2308,https://jago.com/id/support/faq/tentang-jago/bank-jago/apa-kelebihan-jago,0.1538
gpt-08,0,https://bankmandiri.co.id/documents/38265486/0/%5BFINAL%2B-%2B3103%5D%2BLAPORAN%2BTAHUNAN%2BBMRI%2B2025%2B-%2BSINGLE.pdf/5494448f-7b5d-7e1b-4f86-10fbd8479f2e,0.2778,https://lps.go.id,0.0556
gpt-08,1,https://ojk.go.id/id/kanal/perbankan/data-dan-statistik/direktori-perbankan-indonesia/default.aspx,0.0,https://lps.go.id,0.0
gpt-08,2,https://bankmandiri.co.id/documents/38265486/0/%5BFINAL%2B-%2B3103%5D%2BLAPORAN%2BTAHUNAN%2BBMRI%2B2025%2B-%2BSINGLE.pdf/5494448f-7b5d-7e1b-4f86-10fbd8479f2e,0.75,https://databoks.katadata.co.id/keuangan/statistik/69a091c2d6907/top-5-bank-ri-dengan-aset-terjumbo-pada-2025-mandiri-teratas,0.25
gpt-08,3,https://bankmandiri.co.id/documents/38265486/0/%5BFINAL%2B-%2B3103%5D%2BLAPORAN%2BTAHUNAN%2BBMRI%2B2025%2B-%2BSINGLE.pdf/5494448f-7b5d-7e1b-4f86-10fbd8479f2e,1.0,https://databoks.katadata.co.id/keuangan/statistik/69a091c2d6907/top-5-bank-ri-dengan-aset-terjumbo-pada-2025-mandiri-teratas,1.0
gpt-08,4,https://bankmandiri.co.id/documents/38265486/0/%5BFINAL%2B-%2B3103%5D%2BLAPORAN%2BTAHUNAN%2BBMRI%2B2025%2B-%2BSINGLE.pdf/5494448f-7b5d-7e1b-4f86-10fbd8479f2e,0.5556,https://ojk.go.id/id/kanal/perbankan/data-dan-statistik/direktori-perbankan-indonesia/default.aspx,0.0
gpt-08,5,https://bankmandiri.co.id/in/web/ir/annual-reports,0.1667,https://bankmandiri.co.id/documents/38265486/0/%5BFINAL%2B-%2B3103%5D%2BLAPORAN%2BTAHUNAN%2BBMRI%2B2025%2B-%2BSINGLE.pdf/5494448f-7b5d-7e1b-4f86-10fbd8479f2e,0.1667
gpt-08,6,https://bankmandiri.co.id/documents/38265486/0/%5BFINAL%2B-%2B3103%5D%2BLAPORAN%2BTAHUNAN%2BBMRI%2B2025%2B-%2BSINGLE.pdf/5494448f-7b5d-7e1b-4f86-10fbd8479f2e,1.0,https://databoks.katadata.co.id/keuangan/statistik/69a091c2d6907/top-5-bank-ri-dengan-aset-terjumbo-pada-2025-mandiri-teratas,1.0
gpt-08,7,https://bankmandiri.co.id/documents/38265486/0/%5BFINAL%2B-%2B3103%5D%2BLAPORAN%2BTAHUNAN%2BBMRI%2B2025%2B-%2BSINGLE.pdf/5494448f-7b5d-7e1b-4f86-10fbd8479f2e,0.2857,https://ojk.go.id/id/kanal/perbankan/data-dan-statistik/direktori-perbankan-indonesia/default.aspx,0.0
gpt-08,8,https://bankmandiri.co.id/documents/38265486/0/%5BFINAL%2B-%2B3103%5D%2BLAPORAN%2BTAHUNAN%2BBMRI%2B2025%2B-%2BSINGLE.pdf/5494448f-7b5d-7e1b-4f86-10fbd8479f2e,0.2857,https://bri.co.id/web/guest/report,0.1429
gpt-08,9,https://bankmandiri.co.id/documents/38265486/0/%5BFINAL%2B-%2B3103%5D%2BLAPORAN%2BTAHUNAN%2BBMRI%2B2025%2B-%2BSINGLE.pdf/5494448f-7b5d-7e1b-4f86-10fbd8479f2e,1.0,https://bri.co.id/web/guest/report-detail-annually?typeId=1,1.0
gpt-08,10,https://bankmandiri.co.id/documents/38265486/0/%5BFINAL%2B-%2B3103%5D%2BLAPORAN%2BTAHUNAN%2BBMRI%2B2025%2B-%2BSINGLE.pdf/5494448f-7b5d-7e1b-4f86-10fbd8479f2e,0.1667,https://ojk.go.id/id/kanal/perbankan/data-dan-statistik/direktori-perbankan-indonesia/default.aspx,0.0
gpt-08,11,https://bankmandiri.co.id/documents/38265486/0/%5BFINAL%2B-%2B3103%5D%2BLAPORAN%2BTAHUNAN%2BBMRI%2B2025%2B-%2BSINGLE.pdf/5494448f-7b5d-7e1b-4f86-10fbd8479f2e,0.375,https://bri.co.id/web/guest/report,0.375
gpt-08,12,https://bankmandiri.co.id/documents/38265486/0/%5BFINAL%2B-%2B3103%5D%2BLAPORAN%2BTAHUNAN%2BBMRI%2B2025%2B-%2BSINGLE.pdf/5494448f-7b5d-7e1b-4f86-10fbd8479f2e,1.0,https://bni.co.id/id-id/beranda/tingkat-bunga-pinjaman,1.0
gpt-08,13,https://bankmandiri.co.id/documents/38265486/0/%5BFINAL%2B-%2B3103%5D%2BLAPORAN%2BTAHUNAN%2BBMRI%2B2025%2B-%2BSINGLE.pdf/5494448f-7b5d-7e1b-4f86-10fbd8479f2e,0.5,https://ojk.go.id/id/kanal/perbankan/data-dan-statistik/direktori-perbankan-indonesia/default.aspx,0.0
gpt-08,14,https://lps.go.id,0.1818,https://bankmandiri.co.id/documents/38265486/0/%5BFINAL%2B-%2B3103%5D%2BLAPORAN%2BTAHUNAN%2BBMRI%2B2025%2B-%2BSINGLE.pdf/5494448f-7b5d-7e1b-4f86-10fbd8479f2e,0.1818
gpt-08,15,https://bankmandiri.co.id/documents/38265486/0/%5BFINAL%2B-%2B3103%5D%2BLAPORAN%2BTAHUNAN%2BBMRI%2B2025%2B-%2BSINGLE.pdf/5494448f-7b5d-7e1b-4f86-10fbd8479f2e,0.25,https://ojk.go.id/id/kanal/perbankan/data-dan-statistik/direktori-perbankan-indonesia/default.aspx,0.0
gpt-08,16,https://ojk.go.id/id/kanal/perbankan/data-dan-statistik/direktori-perbankan-indonesia/default.aspx,0.0,https://lps.go.id,0.0
gpt-08,17,https://ojk.go.id/id/kanal/perbankan/data-dan-statistik/direktori-perbankan-indonesia/default.aspx,0.0,https://lps.go.id,0.0
gpt-08,18,https://bankmandiri.co.id/documents/38265486/0/%5BFINAL%2B-%2B3103%5D%2BLAPORAN%2BTAHUNAN%2BBMRI%2B2025%2B-%2BSINGLE.pdf/5494448f-7b5d-7e1b-4f86-10fbd8479f2e,0.1579,https://ojk.go.id/id/kanal/perbankan/data-dan-statistik/direktori-perbankan-indonesia/default.aspx,0.0
gpt-08,19,https://bankmandiri.co.id/documents/38265486/0/%5BFINAL%2B-%2B3103%5D%2BLAPORAN%2BTAHUNAN%2BBMRI%2B2025%2B-%2BSINGLE.pdf/5494448f-7b5d-7e1b-4f86-10fbd8479f2e,0.1667,https://ojk.go.id/id/kanal/perbankan/data-dan-statistik/direktori-perbankan-indonesia/default.aspx,0.0
gpt-08,20,https://bankmandiri.co.id/documents/38265486/0/%5BFINAL%2B-%2B3103%5D%2BLAPORAN%2BTAHUNAN%2BBMRI%2B2025%2B-%2BSINGLE.pdf/5494448f-7b5d-7e1b-4f86-10fbd8479f2e,0.0909,https://ojk.go.id/id/kanal/perbankan/data-dan-statistik/direktori-perbankan-indonesia/default.aspx,0.0
gpt-08,21,https://ojk.go.id/id/kanal/perbankan/data-dan-statistik/direktori-perbankan-indonesia/default.aspx,0.0,https://lps.go.id,0.0
gpt-08,22,https://bankmandiri.co.id/documents/38265486/0/%5BFINAL%2B-%2B3103%5D%2BLAPORAN%2BTAHUNAN%2BBMRI%2B2025%2B-%2BSINGLE.pdf/5494448f-7b5d-7e1b-4f86-10fbd8479f2e,0.2143,https://ojk.go.id/id/kanal/perbankan/data-dan-statistik/direktori-perbankan-indonesia/default.aspx,0.0
gpt-09,0,https://bankmandiri.co.id/documents/38265486/0/%5BFINAL%2B-%2B3103%5D%2BLAPORAN%2BTAHUNAN%2BBMRI%2B2025%2B-%2BSINGLE.pdf/5494448f-7b5d-7e1b-4f86-10fbd8479f2e,0.25,https://bca.co.id/id/Individu/layanan/e-banking/mybca/poket-valas,0.0625
gpt-09,1,https://bankmandiri.co.id/documents/38265486/0/%5BFINAL%2B-%2B3103%5D%2BLAPORAN%2BTAHUNAN%2BBMRI%2B2025%2B-%2BSINGLE.pdf/5494448f-7b5d-7e1b-4f86-10fbd8479f2e,0.4286,https://bca.co.id/id/Individu/layanan/e-banking/BCA-Mobile,0.2857
gpt-09,2,https://bca.co.id/id/Individu/layanan/e-banking/BCA-Mobile,0.1429,https://bca.co.id/id/informasi/Edukatips/2021/12/23/09/28/transfer-antarbank-kini-hanya-rp2500-via-bi-fast,0.1429
gpt-09,3,https://bca.co.id/id/Individu/layanan/e-banking/BCA-Mobile,0.0,https://bca.co.id/id/informasi/Edukatips/2021/12/23/09/28/transfer-antarbank-kini-hanya-rp2500-via-bi-fast,0.0
gpt-09,4,https://bankmandiri.co.id/documents/38265486/0/%5BFINAL%2B-%2B3103%5D%2BLAPORAN%2BTAHUNAN%2BBMRI%2B2025%2B-%2BSINGLE.pdf/5494448f-7b5d-7e1b-4f86-10fbd8479f2e,1.0,https://bca.co.id/id/Individu/layanan/e-banking/BCA-Mobile,0.0
gpt-09,5,https://bankmandiri.co.id/documents/38265486/0/%5BFINAL%2B-%2B3103%5D%2BLAPORAN%2BTAHUNAN%2BBMRI%2B2025%2B-%2BSINGLE.pdf/5494448f-7b5d-7e1b-4f86-10fbd8479f2e,0.3333,https://bankmandiri.co.id/livin/edukasi/transfer,0.3333
gpt-09,6,https://bankmandiri.co.id/documents/38265486/0/%5BFINAL%2B-%2B3103%5D%2BLAPORAN%2BTAHUNAN%2BBMRI%2B2025%2B-%2BSINGLE.pdf/5494448f-7b5d-7e1b-4f86-10fbd8479f2e,0.2,https://bca.co.id/id/Individu/layanan/e-banking/BCA-Mobile,0.1
gpt-09,7,https://bca.co.id/id/informasi/Edukatips/2021/12/23/09/28/transfer-antarbank-kini-hanya-rp2500-via-bi-fast,0.1667,https://bca.co.id/id/Individu/layanan/e-banking/mybca/poket-valas,0.0833
gpt-09,8,https://bca.co.id/id/informasi/Edukatips/2021/12/23/09/28/transfer-antarbank-kini-hanya-rp2500-via-bi-fast,0.375,https://bankmandiri.co.id/documents/38265486/0/%5BFINAL%2B-%2B3103%5D%2BLAPORAN%2BTAHUNAN%2BBMRI%2B2025%2B-%2BSINGLE.pdf/5494448f-7b5d-7e1b-4f86-10fbd8479f2e,0.125
gpt-09,9,https://bca.co.id/id/Individu/layanan/e-banking/BCA-Mobile,0.2222,https://bankmandiri.co.id/documents/38265486/0/%5BFINAL%2B-%2B3103%5D%2BLAPORAN%2BTAHUNAN%2BBMRI%2B2025%2B-%2BSINGLE.pdf/5494448f-7b5d-7e1b-4f86-10fbd8479f2e,0.1111
gpt-09,10,https://bankmandiri.co.id/documents/38265486/0/%5BFINAL%2B-%2B3103%5D%2BLAPORAN%2BTAHUNAN%2BBMRI%2B2025%2B-%2BSINGLE.pdf/5494448f-7b5d-7e1b-4f86-10fbd8479f2e,0.5,https://bca.co.id/id/Individu/layanan/e-banking/BCA-Mobile,0.0
gpt-09,11,https://bca.co.id/id/Individu/layanan/e-banking/mybca/poket-valas,0.5455,https://bankmandiri.co.id/documents/38265486/0/%5BFINAL%2B-%2B3103%5D%2BLAPORAN%2BTAHUNAN%2BBMRI%2B2025%2B-%2BSINGLE.pdf/5494448f-7b5d-7e1b-4f86-10fbd8479f2e,0.2727
gpt-09,12,https://bankmandiri.co.id/documents/38265486/0/%5BFINAL%2B-%2B3103%5D%2BLAPORAN%2BTAHUNAN%2BBMRI%2B2025%2B-%2BSINGLE.pdf/5494448f-7b5d-7e1b-4f86-10fbd8479f2e,0.375,https://bca.co.id/id/Individu/layanan/e-banking/mybca/poket-valas,0.0625
gpt-09,13,https://bankmandiri.co.id/documents/38265486/0/%5BFINAL%2B-%2B3103%5D%2BLAPORAN%2BTAHUNAN%2BBMRI%2B2025%2B-%2BSINGLE.pdf/5494448f-7b5d-7e1b-4f86-10fbd8479f2e,0.125,https://bca.co.id/id/Individu/layanan/e-banking/BCA-Mobile,0.0625
gpt-09,14,https://bca.co.id/id/Individu/layanan/e-banking/mybca/poket-valas,0.5,https://bca.co.id/id/Individu/layanan/e-banking/BCA-Mobile,0.125
gpt-09,15,https://bca.co.id/id/Individu/layanan/e-banking/BCA-Mobile,0.0,https://bca.co.id/id/informasi/Edukatips/2021/12/23/09/28/transfer-antarbank-kini-hanya-rp2500-via-bi-fast,0.0
gpt-09,16,https://bca.co.id/id/informasi/Edukatips/2021/12/23/09/28/transfer-antarbank-kini-hanya-rp2500-via-bi-fast,0.5,https://bca.co.id/id/Individu/layanan/e-banking/mybca/poket-valas,0.5
gpt-09,17,https://bca.co.id/id/Individu/layanan/e-banking/BCA-Mobile,0.0,https://bca.co.id/id/informasi/Edukatips/2021/12/23/09/28/transfer-antarbank-kini-hanya-rp2500-via-bi-fast,0.0
gpt-09,18,https://bca.co.id/id/Individu/layanan/e-banking/BCA-Mobile,0.125,https://bankmandiri.co.id/documents/38265486/0/%5BFINAL%2B-%2B3103%5D%2BLAPORAN%2BTAHUNAN%2BBMRI%2B2025%2B-%2BSINGLE.pdf/5494448f-7b5d-7e1b-4f86-10fbd8479f2e,0.125
gpt-09,19,https://bca.co.id/id/Individu/layanan/e-banking/mybca/poket-valas,0.5,https://bankmandiri.co.id/documents/38265486/0/%5BFINAL%2B-%2B3103%5D%2BLAPORAN%2BTAHUNAN%2BBMRI%2B2025%2B-%2BSINGLE.pdf/5494448f-7b5d-7e1b-4f86-10fbd8479f2e,0.1667
gpt-09,20,https://bankmandiri.co.id/documents/38265486/0/%5BFINAL%2B-%2B3103%5D%2BLAPORAN%2BTAHUNAN%2BBMRI%2B2025%2B-%2BSINGLE.pdf/5494448f-7b5d-7e1b-4f86-10fbd8479f2e,0.5,https://bankmandiri.co.id/livin/edukasi/transfer,0.5
gpt-09,21,https://bca.co.id/id/Individu/layanan/e-banking/BCA-Mobile,0.0,https://bca.co.id/id/informasi/Edukatips/2021/12/23/09/28/transfer-antarbank-kini-hanya-rp2500-via-bi-fast,0.0
gpt-09,22,https://bankmandiri.co.id/documents/38265486/0/%5BFINAL%2B-%2B3103%5D%2BLAPORAN%2BTAHUNAN%2BBMRI%2B2025%2B-%2BSINGLE.pdf/5494448f-7b5d-7e1b-4f86-10fbd8479f2e,0.4,https://bca.co.id/id/Individu/layanan/e-banking/BCA-Mobile,0.1
gpt-09,23,https://bca.co.id/id/Individu/layanan/e-banking/mybca/poket-valas,0.1667,https://bankmandiri.co.id/documents/38265486/0/%5BFINAL%2B-%2B3103%5D%2BLAPORAN%2BTAHUNAN%2BBMRI%2B2025%2B-%2BSINGLE.pdf/5494448f-7b5d-7e1b-4f86-10fbd8479f2e,0.1667
gpt-09,24,https://bca.co.id/id/Individu/layanan/e-banking/BCA-Mobile,0.0,https://bca.co.id/id/informasi/Edukatips/2021/12/23/09/28/transfer-antarbank-kini-hanya-rp2500-via-bi-fast,0.0
gpt-09,25,https://bca.co.id/id/Individu/layanan/e-banking/mybca/poket-valas,0.2,https://bca.co.id/id/Individu/layanan/e-banking/BCA-Mobile,0.0
gpt-09,26,https://bankmandiri.co.id/documents/38265486/0/%5BFINAL%2B-%2B3103%5D%2BLAPORAN%2BTAHUNAN%2BBMRI%2B2025%2B-%2BSINGLE.pdf/5494448f-7b5d-7e1b-4f86-10fbd8479f2e,0.25,https://bankmandiri.co.id/livin/edukasi/transfer,0.25
gpt-09,27,https://bankmandiri.co.id/documents/38265486/0/%5BFINAL%2B-%2B3103%5D%2BLAPORAN%2BTAHUNAN%2BBMRI%2B2025%2B-%2BSINGLE.pdf/5494448f-7b5d-7e1b-4f86-10fbd8479f2e,0.0667,https://bca.co.id/id/Individu/layanan/e-banking/BCA-Mobile,0.0
gpt-10,0,https://jago.com/id/product-and-services,0.1333,https://jago.com/id/support/rates,0.0667
gpt-10,1,https://seabank.co.id,0.2143,https://jago.com/id/product-and-services,0.1429
gpt-10,2,https://appmanager.seabank.co.id/seamoney/bke/app-manager/live/front_low_code/20250930/444724648000084022.pdf,0.5,https://jago.com/id/support/rates,0.0
gpt-10,3,https://jago.com/id/support/rates,0.3333,https://jago.com/id/jago/support/faq/tentang-jago/bank-jago/apa-kelebihan-jago,0.3333
gpt-10,4,https://jago.com/id/support/rates,0.1667,https://jago.com/id/jago/support/faq/use-jago/gopay-tabungan-by-jago/questions-about-gopay-tabungan-by-jago,0.1111
gpt-10,5,https://seabank.co.id,0.25,https://jago.com/id/support/rates,0.0
gpt-10,6,https://jago.com/id/jago/support/faq/tentang-jago/bank-jago/apa-kelebihan-jago,0.2857,https://jago.com/id/jago/support/faq/use-jago/gopay-tabungan-by-jago/questions-about-gopay-tabungan-by-jago,0.2857
gpt-10,7,https://jago.com/id/jago/support/faq/tentang-jago/bank-jago/apa-kelebihan-jago,0.2727,https://jago.com/id/product-and-services,0.1818
gpt-10,8,https://appmanager.seabank.co.id/seamoney/bke/app-manager/live/front_low_code/20250930/444724648000084022.pdf,0.2222,https://jago.com/id/product-and-services,0.2222
gpt-10,9,https://jago.com/id/support/rates,0.1429,https://jago.com/id/jago/support/faq/tentang-jago/bank-jago/apa-kelebihan-jago,0.1429
gpt-10,10,https://jago.com/id/support/rates,0.0,https://jago.com/id/jago/support/faq/tentang-jago/bank-jago/apa-kelebihan-jago,0.0
gpt-10,11,https://seabank.co.id,0.25,https://appmanager.seabank.co.id/seamoney/bke/app-manager/live/front_low_code/20250930/444724648000084022.pdf,0.125
gpt-10,12,https://jago.com/id/jago/support/faq/use-jago/gopay-tabungan-by-jago/questions-about-gopay-tabungan-by-jago,0.1818,https://jago.com/id/support/rates,0.0909
gpt-10,13,https://jago.com/id/support/rates,0.1875,https://appmanager.seabank.co.id/seamoney/bke/app-manager/live/front_low_code/20250930/444724648000084022.pdf,0.1875
gpt-10,14,https://jago.com/id/product-and-services,0.4,https://jago.com/id/support/rates,0.2
gpt-10,15,https://jago.com/id/product-and-services,0.3333,https://seabank.co.id,0.1667
gpt-11,0,https://lps.go.id,0.0,https://ojk.go.id/id/kanal/perbankan/data-dan-statistik/direktori-perbankan-indonesia/default.aspx,0.0
gpt-11,1,https://lps.go.id,0.0,https://ojk.go.id/id/kanal/perbankan/data-dan-statistik/direktori-perbankan-indonesia/default.aspx,0.0
gpt-11,2,https://lps.go.id,0.1111,https://bankmandiri.co.id,0.1111
gpt-11,3,https://lps.go.id,0.0,https://ojk.go.id/id/kanal/perbankan/data-dan-statistik/direktori-perbankan-indonesia/default.aspx,0.0
gpt-11,4,https://lps.go.id,0.0,https://ojk.go.id/id/kanal/perbankan/data-dan-statistik/direktori-perbankan-indonesia/default.aspx,0.0
gpt-11,5,https://lps.go.id,0.0,https://ojk.go.id/id/kanal/perbankan/data-dan-statistik/direktori-perbankan-indonesia/default.aspx,0.0
gpt-11,6,https://jago.com,0.5,https://lps.go.id,0.0
gpt-11,7,https://lps.go.id,0.0,https://ojk.go.id/id/kanal/perbankan/data-dan-statistik/direktori-perbankan-indonesia/default.aspx,0.0
gpt-11,8,https://bankmandiri.co.id,0.3333,https://seabank.co.id,0.3333
gpt-11,9,https://lps.go.id,0.0,https://ojk.go.id/id/kanal/perbankan/data-dan-statistik/direktori-perbankan-indonesia/default.aspx,0.0
gpt-11,10,https://lps.go.id,0.0,https://ojk.go.id/id/kanal/perbankan/data-dan-statistik/direktori-perbankan-indonesia/default.aspx,0.0
gpt-11,11,https://lps.go.id,0.0,https://ojk.go.id/id/kanal/perbankan/data-dan-statistik/direktori-perbankan-indonesia/default.aspx,0.0
gpt-11,12,https://lps.go.id,0.0,https://ojk.go.id/id/kanal/perbankan/data-dan-statistik/direktori-perbankan-indonesia/default.aspx,0.0
gpt-11,13,https://lps.go.id,0.0,https://ojk.go.id/id/kanal/perbankan/data-dan-statistik/direktori-perbankan-indonesia/default.aspx,0.0
gpt-11,14,https://bankmandiri.co.id,0.2857,https://jago.com,0.2857
gpt-11,15,https://seabank.co.id,0.3333,https://bankmandiri.co.id,0.25
gpt-11,16,https://lps.go.id,0.381,https://bankmandiri.co.id,0.381
gpt-11,17,https://seabank.co.id,0.2727,https://lps.go.id,0.0
gpt-11,18,https://lps.go.id,0.0,https://ojk.go.id/id/kanal/perbankan/data-dan-statistik/direktori-perbankan-indonesia/default.aspx,0.0
gpt-11,19,https://lps.go.id,0.0,https://ojk.go.id/id/kanal/perbankan/data-dan-statistik/direktori-perbankan-indonesia/default.aspx,0.0
gpt-11,20,https://lps.go.id,0.0,https://ojk.go.id/id/kanal/perbankan/data-dan-statistik/direktori-perbankan-indonesia/default.aspx,0.0
gpt-12,0,https://bri.co.id/web/guest/id/brimo,0.0625,https://bri.co.id/web/guest/id/fees-and-rates,0.0625
gpt-12,1,https://bri.co.id/web/guest/id/brimo,0.3077,https://bni.co.id/id-id/individu/simpanan/wondr-multicurrency,0.1538
gpt-12,2,https://bri.co.id/web/guest/id/brimo,0.1667,https://bni.co.id/id-id/individu/simpanan/wondr-multicurrency,0.1667
gpt-12,3,https://bri.co.id/web/guest/id/brimo,0.5,https://bri.co.id/web/guest/sabrina,0.0
gpt-12,4,https://bri.co.id/web/guest/id/brimo,0.0,https://bri.co.id/web/guest/sabrina,0.0
gpt-12,5,https://bni.co.id/id-id,0.1538,https://bni.co.id/id-id/individu/simpanan/wondrz,0.1538
gpt-12,6,https://bni.co.id/id-id/individu/simpanan/bni-taplus,0.1667,https://bni.co.id/id-id/individu/simpanan/bni-taplus-muda,0.1667
gpt-12,7,https://bri.co.id/web/guest/sabrina,0.1538,https://bri.co.id/web/guest/id/brimo,0.0
gpt-12,8,https://bri.co.id/web/guest/id/brimo,0.1,https://bri.co.id/web/guest/sabrina,0.1
gpt-12,9,https://bni.co.id/id-id/individu/simpanan/bni-taplus-muda,0.3333,https://bni.co.id/id-id/individu/simpanan/wondrz,0.1667
gpt-12,10,https://bri.co.id/web/guest/id/brimo,0.25,https://bni.co.id/id-id/individu/simpanan/bni-taplus,0.0833
gpt-12,11,https://bni.co.id/id-id/individu/simpanan/bni-taplus,0.1818,https://bni.co.id/id-id/individu/simpanan/bni-taplus-muda,0.1818
gpt-12,12,https://bri.co.id/web/guest/id/brimo,0.0,https://bri.co.id/web/guest/sabrina,0.0
gpt-12,13,https://bri.co.id/web/guest/id/brimo,0.0909,https://bri.co.id/web/guest/sabrina,0.0
gpt-12,14,https://bni.co.id/id-id/individu/simpanan/bni-taplus-muda,0.1429,https://bni.co.id/id-id/individu/simpanan/wondrz,0.0714
gpt-12,15,https://bni.co.id/id-id/individu/simpanan/bni-taplus-muda,0.1111,https://bni.co.id/id-id/individu/simpanan/wondrz,0.1111
gpt-12,16,https://bri.co.id/web/guest/id/brimo,0.0,https://bri.co.id/web/guest/sabrina,0.0
gpt-12,17,https://bri.co.id/web/guest/id/brimo,0.0,https://bri.co.id/web/guest/sabrina,0.0
gpt-13,0,https://kitacoba.com/referensi/biaya-admin-bank,0.5,https://jago.com/id/support/faq/about-pocket,0.0
gpt-13,1,https://jago.com,0.1765,https://jago.com/id/support/faq/about-pocket,0.0588
gpt-13,2,https://jago.com/id/support/rates/5,0.4,https://blubybcadigital.id/info/fees-rates,0.4
gpt-13,3,https://blubybcadigital.id/info/fees-rates,0.3077,https://kitacoba.com/referensi/biaya-admin-bank,0.2308
gpt-13,4,https://jago.com,0.2222,https://jago.com/id/jago/support/faq/menggunakan-jago/kantong/kantong-utama-kantong-nabung-dan-kantong-bayar,0.1111
gpt-13,5,https://jago.com/id/support/faq/about-pocket,0.0,https://jago.com/id/jago/support/faq/menggunakan-jago/kantong/kantong-utama-kantong-nabung-dan-kantong-bayar,0.0
gpt-13,6,https://jago.com/id/jago/support/faq/menggunakan-jago/kantong/kantong-utama-kantong-nabung-dan-kantong-bayar,0.25,https://jago.com/id/support/rates/5,0.25
gpt-13,7,https://jago.com/id/support/faq/about-pocket,0.0,https://jago.com/id/jago/support/faq/menggunakan-jago/kantong/kantong-utama-kantong-nabung-dan-kantong-bayar,0.0
gpt-13,8,https://jago.com/id/support/faq/about-pocket,0.0,https://jago.com/id/jago/support/faq/menggunakan-jago/kantong/kantong-utama-kantong-nabung-dan-kantong-bayar,0.0
gpt-13,9,https://jago.com/id/support/faq/about-pocket,0.0,https://jago.com/id/jago/support/faq/menggunakan-jago/kantong/kantong-utama-kantong-nabung-dan-kantong-bayar,0.0
gpt-13,10,https://jago.com/id/support/faq/about-pocket,0.0,https://jago.com/id/jago/support/faq/menggunakan-jago/kantong/kantong-utama-kantong-nabung-dan-kantong-bayar,0.0
gpt-13,11,https://kitacoba.com/referensi/biaya-admin-bank,0.25,https://blubybcadigital.id/info/fees-rates,0.125
gpt-13,12,https://seabank.co.id/produk-layanan/digital/tabungan,0.1429,https://blubybcadigital.id/info/fees-rates,0.1429
gpt-14,0,https://jago.com/id/support/rates/5,0.2,https://jago.com/id/id/support/faq/use-jago/transfer-pay,0.2
gpt-14,1,https://jago.com/id/support/rates/5,0.28,https://jago.com/id/id/support/faq/use-jago/transfer-pay,0.24
gpt-14,2,https://blubybcadigital.id/info/fees-rates,0.25,https://seabank.co.id/produk-layanan/transaksi/transfer-e-wallet,0.2
gpt-14,3,https://jago.com/id/support/rates/5,0.0,https://jago.com/id/id/support/faq/use-jago/transfer-pay,0.0
gpt-14,4,https://jago.com/id/support/rates/5,0.5,https://jago.com/id/id/support/faq/use-jago/transfer-pay,0.5
gpt-14,5,https://jago.com/id/support/rates/5,0.0,https://jago.com/id/id/support/faq/use-jago/transfer-pay,0.0
gpt-14,6,https://jago.com/id/support/rates/5,0.0,https://jago.com/id/id/support/faq/use-jago/transfer-pay,0.0
gpt-14,7,https://jago.com/id/support/rates/5,0.5,https://jago.com/id/id/support/faq/use-jago/transfer-pay,0.25
gpt-14,8,https://jago.com/id/support/rates/5,0.5455,https://jago.com/id/id/support/faq/use-jago/transfer-pay,0.3636
gpt-14,9,https://jago.com/id/support/rates/5,0.5455,https://jago.com/id/id/support/faq/use-jago/transfer-pay,0.3636
gpt-14,10,https://jago.com/id/id/support/faq/use-jago/transfer-pay,0.1111,https://blubybcadigital.id/info/faq/blu-loyalty,0.1111
gpt-14,11,https://jago.com/id/support/rates/5,0.0,https://jago.com/id/id/support/faq/use-jago/transfer-pay,0.0
gpt-14,12,https://jago.com/id/support/rates/5,0.0,https://jago.com/id/id/support/faq/use-jago/transfer-pay,0.0
gpt-14,13,https://jago.com/id/support/rates/5,0.1429,https://jago.com/id/id/support/faq/use-jago/transfer-pay,0.1429
gpt-14,14,https://blubybcadigital.id/info/fees-rates,0.2,https://blubybcadigital.id/info/faq/blu-loyalty,0.2
gpt-15,0,https://jago.com/id/jago/rates,0.0,https://jago.com/id/support/faq/use-jago/about-interest-rate,0.0
gpt-15,1,https://jago.com/id/jago/rates,0.0,https://jago.com/id/support/faq/use-jago/about-interest-rate,0.0
gpt-15,2,https://jago.com/id/id/support/faq/use-jago/about-interest-rate/about-the-interest-rate-calculation-in-jago-pockets,0.2143,https://jago.com/id/jago/rates,0.1429
gpt-15,3,https://jago.com/id/jago/rates,0.125,https://jago.com/id/id/support/faq/use-jago/about-interest-rate/about-the-interest-rate-calculation-in-jago-pockets,0.125
gpt-15,4,https://jago.com/id/jago/rates,0.0,https://jago.com/id/support/faq/use-jago/about-interest-rate,0.0
gpt-15,5,https://seabank.co.id,0.3,https://bankmandiri.co.id,0.2
gpt-15,6,https://jago.com/id/id/support/faq/use-jago/about-interest-rate/about-the-interest-rate-calculation-in-jago-pockets,0.3333,https://jago.com/id/jago/rates,0.0
gpt-15,7,https://jago.com/id/id/support/faq/use-jago/about-interest-rate/about-the-interest-rate-calculation-in-jago-pockets,0.1111,https://jago.com/id/jago/rates,0.0
gpt-15,8,https://jago.com/id/id/support/faq/use-jago/about-interest-rate/about-the-interest-rate-calculation-in-jago-pockets,0.375,https://jago.com/id/jago/rates,0.0
gpt-15,9,https://jago.com/id/jago/rates,0.0,https://jago.com/id/support/faq/use-jago/about-interest-rate,0.0
gpt-15,10,https://jago.com/id/jago/rates,0.0,https://jago.com/id/support/faq/use-jago/about-interest-rate,0.0
gpt-15,11,https://jago.com/id/jago/rates,0.0,https://jago.com/id/support/faq/use-jago/about-interest-rate,0.0
gpt-15,12,https://jago.com/id/jago/rates,0.0,https://jago.com/id/support/faq/use-jago/about-interest-rate,0.0
gpt-15,13,https://jago.com/id/jago/rates,0.0909,https://jago.com/id/support/faq/use-jago/about-interest-rate,0.0455
gpt-15,14,https://seabank.co.id,0.2,https://jago.com/id/jago/rates,0.0
gpt-16,0,https://bri.co.id/web/guest/promo-news-detail/2020,0.05,https://bca.co.id/id/individu/layanan/jaringan-cabang/kantor-cabang-bca,0.05
gpt-16,1,https://bri.co.id/web/guest/promo-news-detail/2021,0.4615,https://bri.co.id/web/guest/promo-news-detail/2020,0.4615
gpt-16,2,https://bri.co.id/web/guest/promo-news-detail/2021,0.0,https://bri.co.id/web/guest/promo-news-detail/2020,0.0
gpt-16,3,https://bri.co.id/web/guest/id/promo-news-detail/1285,0.2222,https://bca.co.id/id/individu/layanan/jaringan-cabang/kantor-cabang-bca,0.1111
gpt-17,0,https://btn.co.id/id/About/Gallery/Article/Article/Listing/2026/09/11/lps-adalah,0.4545,https://ojk.go.id/id/berita-dan-kegiatan/info-terkini/Documents/Pages/Buku-Saku-Cerdas-Mengelola-Keuangan/Buku%20Saku%20Cerdas%20Mengelola%20Keuangan.pdf,0.2727
gpt-17,1,https://btn.co.id/id/About/Gallery/Article/Article/Listing/2026/09/11/lps-adalah,0.6667,https://lps.go.id,0.0
gpt-17,2,https://ojk.go.id/id/berita-dan-kegiatan/info-terkini/Documents/Pages/Buku-Saku-Cerdas-Mengelola-Keuangan/Buku%20Saku%20Cerdas%20Mengelola%20Keuangan.pdf,0.5,https://dbs.id/digibank/id/id/syarat-dan-ketentuan.page,0.5
gpt-17,3,https://btn.co.id/id/About/Gallery/Article/Article/Listing/2026/09/11/lps-adalah,0.5,https://lps.go.id,0.0
gpt-17,4,https://btn.co.id/id/About/Gallery/Article/Article/Listing/2026/09/11/lps-adalah,1.0,https://lps.go.id,0.5
gpt-17,5,https://ojk.go.id/id/berita-dan-kegiatan/info-terkini/Documents/Pages/Buku-Saku-Cerdas-Mengelola-Keuangan/Buku%20Saku%20Cerdas%20Mengelola%20Keuangan.pdf,0.375,https://btn.co.id/id/About/Gallery/Article/Article/Listing/2026/09/11/lps-adalah,0.375
gpt-17,6,https://btn.co.id/id/About/Gallery/Article/Article/Listing/2026/09/11/lps-adalah,0.2632,https://ojk.go.id/id/berita-dan-kegiatan/info-terkini/Documents/Pages/Buku-Saku-Cerdas-Mengelola-Keuangan/Buku%20Saku%20Cerdas%20Mengelola%20Keuangan.pdf,0.1053
gpt-17,7,https://btn.co.id/id/About/Gallery/Article/Article/Listing/2026/09/11/lps-adalah,0.5556,https://lps.go.id,0.0
gpt-17,8,https://btn.co.id/id/About/Gallery/Article/Article/Listing/2026/09/11/lps-adalah,1.0,https://ojk.go.id/id/berita-dan-kegiatan/info-terkini/Documents/Pages/Buku-Saku-Cerdas-Mengelola-Keuangan/Buku%20Saku%20Cerdas%20Mengelola%20Keuangan.pdf,0.6667
gpt-17,9,https://btn.co.id/id/About/Gallery/Article/Article/Listing/2026/09/11/lps-adalah,0.3333,https://lps.go.id,0.0
gpt-17,10,https://btn.co.id/id/About/Gallery/Article/Article/Listing/2026/09/11/lps-adalah,0.3333,https://lps.go.id,0.0
gpt-17,11,https://ojk.go.id/id/berita-dan-kegiatan/info-terkini/Documents/Pages/Buku-Saku-Cerdas-Mengelola-Keuangan/Buku%20Saku%20Cerdas%20Mengelola%20Keuangan.pdf,0.3077,https://dbs.id/digibank/id/id/syarat-dan-ketentuan.page,0.1538
gpt-17,12,https://ojk.go.id/id/berita-dan-kegiatan/info-terkini/Documents/Pages/Buku-Saku-Cerdas-Mengelola-Keuangan/Buku%20Saku%20Cerdas%20Mengelola%20Keuangan.pdf,0.3333,https://btn.co.id/id/About/Gallery/Article/Article/Listing/2026/09/11/lps-adalah,0.3333
gpt-17,13,https://lps.go.id,0.0,https://ojk.go.id/id/berita-dan-kegiatan/info-terkini/Documents/Pages/Buku-Saku-Cerdas-Mengelola-Keuangan/Buku%20Saku%20Cerdas%20Mengelola%20Keuangan.pdf,0.0
gpt-17,14,https://ojk.go.id/id/berita-dan-kegiatan/info-terkini/Documents/Pages/Buku-Saku-Cerdas-Mengelola-Keuangan/Buku%20Saku%20Cerdas%20Mengelola%20Keuangan.pdf,0.3529,https://btn.co.id/id/About/Gallery/Article/Article/Listing/2026/09/11/lps-adalah,0.3529
gpt-17,15,https://lps.go.id,0.0,https://ojk.go.id/id/berita-dan-kegiatan/info-terkini/Documents/Pages/Buku-Saku-Cerdas-Mengelola-Keuangan/Buku%20Saku%20Cerdas%20Mengelola%20Keuangan.pdf,0.0
gpt-17,16,https://btn.co.id/id/About/Gallery/Article/Article/Listing/2026/09/11/lps-adalah,0.5833,https://ojk.go.id/id/berita-dan-kegiatan/info-terkini/Documents/Pages/Buku-Saku-Cerdas-Mengelola-Keuangan/Buku%20Saku%20Cerdas%20Mengelola%20Keuangan.pdf,0.25
gpt-17,17,https://btn.co.id/id/About/Gallery/Article/Article/Listing/2026/09/11/lps-adalah,0.2308,https://lps.go.id,0.0
gpt-18,0,https://iasc.ojk.go.id,0.0526,https://ojk.go.id/id/berita-dan-kegiatan/info-terkini/Pages/Waspada-Penipuan-Mengatasnamakan-Bank-melalui-SMS.aspx,0.0
gpt-18,1,https://ojk.go.id/id/berita-dan-kegiatan/info-terkini/Pages/Satgas-PASTI-Terima-25-Ribu-Pengaduan-Aktivitas-Keuangan-Ilegal-dan-IASC-Berhasil-Blokir-Dana-Terkait-Scam-Rp-724-Miliar.aspx,0.0769,https://ojk.go.id/id/berita-dan-kegiatan/info-terkini/Pages/Waspada-Penipuan-Mengatasnamakan-Bank-melalui-SMS.aspx,0.0
gpt-18,2,https://ojk.go.id/id/berita-dan-kegiatan/info-terkini/Pages/Waspada-Penipuan-Mengatasnamakan-Bank-melalui-SMS.aspx,0.0,https://ojk.go.id/id/berita-dan-kegiatan/info-terkini/Pages/Waspada-Penipuan-Mengatasnamakan-OJK.aspx,0.0
gpt-18,3,https://ojk.go.id/id/berita-dan-kegiatan/info-terkini/Pages/Satgas-PASTI-Terima-25-Ribu-Pengaduan-Aktivitas-Keuangan-Ilegal-dan-IASC-Berhasil-Blokir-Dana-Terkait-Scam-Rp-724-Miliar.aspx,0.3333,https://ojk.go.id/id/berita-dan-kegiatan/info-terkini/Pages/Waspada-Penipuan-Mengatasnamakan-Bank-melalui-SMS.aspx,0.1667
gpt-18,4,https://ojk.go.id/id/berita-dan-kegiatan/info-terkini/Pages/Satgas-PASTI-Terima-25-Ribu-Pengaduan-Aktivitas-Keuangan-Ilegal-dan-IASC-Berhasil-Blokir-Dana-Terkait-Scam-Rp-724-Miliar.aspx,0.3333,https://ojk.go.id/id/berita-dan-kegiatan/info-terkini/Pages/Satgas-PASTI-Hentikan-953-Entitas-Pinjol-Ilegal-dan-Penawaran-Investasi-Ilegal.aspx,0.2222
gpt-18,5,https://iasc.ojk.go.id,0.2857,https://ojk.go.id/id/berita-dan-kegiatan/info-terkini/Pages/Waspada-Penipuan-Mengatasnamakan-Bank-melalui-SMS.aspx,0.0
gpt-18,6,https://ojk.go.id/id/berita-dan-kegiatan/info-terkini/Pages/Satgas-PASTI-Hentikan-953-Entitas-Pinjol-Ilegal-dan-Penawaran-Investasi-Ilegal.aspx,0.3333,https://ojk.go.id/id/berita-dan-kegiatan/info-terkini/Pages/Waspada-Penipuan-Mengatasnamakan-Bank-melalui-SMS.aspx,0.0
gpt-18,7,https://iasc.ojk.go.id,0.1111,https://ojk.go.id/id/berita-dan-kegiatan/siaran-pers/Pages/OJK-Komdigi-dan-Perbankan-Sepakat-Perkuat-Upaya-Pemberantasan-Scam-dan-Judol.aspx,0.1111
gpt-18,8,https://ojk.go.id/id/berita-dan-kegiatan/info-terkini/Pages/Waspada-Penipuan-Mengatasnamakan-Bank-melalui-SMS.aspx,0.0,https://ojk.go.id/id/berita-dan-kegiatan/info-terkini/Pages/Waspada-Penipuan-Mengatasnamakan-OJK.aspx,0.0
gpt-18,9,https://ojk.go.id/id/berita-dan-kegiatan/info-terkini/Pages/Waspada-Penipuan-Mengatasnamakan-Bank-melalui-SMS.aspx,0.0,https://ojk.go.id/id/berita-dan-kegiatan/info-terkini/Pages/Waspada-Penipuan-Mengatasnamakan-OJK.aspx,0.0
gpt-18,10,https://ojk.go.id/id/berita-dan-kegiatan/info-terkini/Pages/Waspada-Penipuan-Mengatasnamakan-Bank-melalui-SMS.aspx,0.0,https://ojk.go.id/id/berita-dan-kegiatan/info-terkini/Pages/Waspada-Penipuan-Mengatasnamakan-OJK.aspx,0.0
gpt-18,11,https://ojk.go.id/id/berita-dan-kegiatan/info-terkini/Pages/Satgas-PASTI-Terima-25-Ribu-Pengaduan-Aktivitas-Keuangan-Ilegal-dan-IASC-Berhasil-Blokir-Dana-Terkait-Scam-Rp-724-Miliar.aspx,0.5,https://ojk.go.id/id/berita-dan-kegiatan/info-terkini/Pages/Satgas-PASTI-Hentikan-953-Entitas-Pinjol-Ilegal-dan-Penawaran-Investasi-Ilegal.aspx,0.25
gpt-18,12,https://ojk.go.id/id/berita-dan-kegiatan/info-terkini/Pages/Waspada-Penipuan-Mengatasnamakan-Bank-melalui-SMS.aspx,0.0,https://ojk.go.id/id/berita-dan-kegiatan/info-terkini/Pages/Waspada-Penipuan-Mengatasnamakan-OJK.aspx,0.0
gpt-18,13,https://ojk.go.id/id/berita-dan-kegiatan/info-terkini/Pages/Waspada-Penipuan-Mengatasnamakan-Bank-melalui-SMS.aspx,0.0,https://ojk.go.id/id/berita-dan-kegiatan/info-terkini/Pages/Waspada-Penipuan-Mengatasnamakan-OJK.aspx,0.0
gpt-18,14,https://ojk.go.id/id/berita-dan-kegiatan/info-terkini/Pages/Waspada-Penipuan-Mengatasnamakan-Bank-melalui-SMS.aspx,0.0,https://ojk.go.id/id/berita-dan-kegiatan/info-terkini/Pages/Waspada-Penipuan-Mengatasnamakan-OJK.aspx,0.0
gpt-18,15,https://ojk.go.id/id/berita-dan-kegiatan/info-terkini/Pages/Waspada-Penipuan-Mengatasnamakan-Bank-melalui-SMS.aspx,0.0,https://ojk.go.id/id/berita-dan-kegiatan/info-terkini/Pages/Waspada-Penipuan-Mengatasnamakan-OJK.aspx,0.0
gpt-18,16,https://ojk.go.id/id/berita-dan-kegiatan/info-terkini/Pages/Waspada-Penipuan-Mengatasnamakan-Bank-melalui-SMS.aspx,0.0,https://ojk.go.id/id/berita-dan-kegiatan/info-terkini/Pages/Waspada-Penipuan-Mengatasnamakan-OJK.aspx,0.0
gpt-18,17,https://ojk.go.id/id/berita-dan-kegiatan/siaran-pers/Pages/OJK-Komdigi-dan-Perbankan-Sepakat-Perkuat-Upaya-Pemberantasan-Scam-dan-Judol.aspx,0.1111,https://ojk.go.id/id/berita-dan-kegiatan/info-terkini/Pages/Waspada-Penipuan-Mengatasnamakan-Bank-melalui-SMS.aspx,0.0
gpt-18,18,https://ojk.go.id/id/berita-dan-kegiatan/info-terkini/Pages/Satgas-PASTI-Terima-25-Ribu-Pengaduan-Aktivitas-Keuangan-Ilegal-dan-IASC-Berhasil-Blokir-Dana-Terkait-Scam-Rp-724-Miliar.aspx,0.125,https://ojk.go.id/id/berita-dan-kegiatan/info-terkini/Pages/Waspada-Penipuan-Mengatasnamakan-Bank-melalui-SMS.aspx,0.0
gpt-18,19,https://ojk.go.id/id/berita-dan-kegiatan/info-terkini/Pages/Satgas-PASTI-Terima-25-Ribu-Pengaduan-Aktivitas-Keuangan-Ilegal-dan-IASC-Berhasil-Blokir-Dana-Terkait-Scam-Rp-724-Miliar.aspx,0.125,https://ojk.go.id/id/berita-dan-kegiatan/info-terkini/Pages/Waspada-Penipuan-Mengatasnamakan-Bank-melalui-SMS.aspx,0.0
gpt-18,20,https://ojk.go.id/id/berita-dan-kegiatan/info-terkini/Pages/Waspada-Penipuan-Mengatasnamakan-Bank-melalui-SMS.aspx,0.0,https://ojk.go.id/id/berita-dan-kegiatan/info-terkini/Pages/Waspada-Penipuan-Mengatasnamakan-OJK.aspx,0.0
gpt-18,21,https://ojk.go.id/id/berita-dan-kegiatan/info-terkini/Pages/Waspada-Penipuan-Mengatasnamakan-Bank-melalui-SMS.aspx,0.0,https://ojk.go.id/id/berita-dan-kegiatan/info-terkini/Pages/Waspada-Penipuan-Mengatasnamakan-OJK.aspx,0.0
gpt-18,22,https://ojk.go.id/id/berita-dan-kegiatan/info-terkini/Pages/Waspada-Penipuan-Mengatasnamakan-Bank-melalui-SMS.aspx,0.0,https://ojk.go.id/id/berita-dan-kegiatan/info-terkini/Pages/Waspada-Penipuan-Mengatasnamakan-OJK.aspx,0.0
gpt-18,23,https://ojk.go.id/id/berita-dan-kegiatan/info-terkini/Pages/Waspada-Penipuan-Mengatasnamakan-Bank-melalui-SMS.aspx,0.0,https://ojk.go.id/id/berita-dan-kegiatan/info-terkini/Pages/Waspada-Penipuan-Mengatasnamakan-OJK.aspx,0.0
gpt-18,24,https://ojk.go.id/id/berita-dan-kegiatan/info-terkini/Pages/Waspada-Penipuan-Mengatasnamakan-Bank-melalui-SMS.aspx,0.0,https://ojk.go.id/id/berita-dan-kegiatan/info-terkini/Pages/Waspada-Penipuan-Mengatasnamakan-OJK.aspx,0.0
gpt-18,25,https://ojk.go.id/id/berita-dan-kegiatan/info-terkini/Pages/Waspada-Penipuan-Mengatasnamakan-Bank-melalui-SMS.aspx,0.0,https://ojk.go.id/id/berita-dan-kegiatan/info-terkini/Pages/Waspada-Penipuan-Mengatasnamakan-OJK.aspx,0.0
gpt-18,26,https://iasc.ojk.go.id,0.0909,https://ojk.go.id/id/berita-dan-kegiatan/info-terkini/Pages/Satgas-PASTI-Terima-25-Ribu-Pengaduan-Aktivitas-Keuangan-Ilegal-dan-IASC-Berhasil-Blokir-Dana-Terkait-Scam-Rp-724-Miliar.aspx,0.0909
gpt-18,27,https://iasc.ojk.go.id,0.6667,https://ojk.go.id/id/berita-dan-kegiatan/info-terkini/Pages/Waspada-Penipuan-Mengatasnamakan-Bank-melalui-SMS.aspx,0.0
gpt-18,28,https://iasc.ojk.go.id,0.2857,https://ojk.go.id/id/berita-dan-kegiatan/info-terkini/Pages/Satgas-PASTI-Hentikan-953-Entitas-Pinjol-Ilegal-dan-Penawaran-Investasi-Ilegal.aspx,0.1429
gpt-18,29,https://ojk.go.id/id/berita-dan-kegiatan/info-terkini/Pages/Waspada-Penipuan-Mengatasnamakan-Bank-melalui-SMS.aspx,0.0,https://ojk.go.id/id/berita-dan-kegiatan/info-terkini/Pages/Waspada-Penipuan-Mengatasnamakan-OJK.aspx,0.0
gpt-18,30,https://ojk.go.id/id/berita-dan-kegiatan/info-terkini/Pages/Satgas-PASTI-Hentikan-953-Entitas-Pinjol-Ilegal-dan-Penawaran-Investasi-Ilegal.aspx,0.25,https://ojk.go.id/id/berita-dan-kegiatan/info-terkini/Pages/Waspada-Penipuan-Mengatasnamakan-Bank-melalui-SMS.aspx,0.0
gpt-18,31,https://ojk.go.id/id/berita-dan-kegiatan/info-terkini/Pages/Waspada-Penipuan-Mengatasnamakan-Bank-melalui-SMS.aspx,0.0,https://ojk.go.id/id/berita-dan-kegiatan/info-terkini/Pages/Waspada-Penipuan-Mengatasnamakan-OJK.aspx,0.0
gpt-18,32,https://ojk.go.id/id/berita-dan-kegiatan/info-terkini/Pages/Satgas-PASTI-Terima-25-Ribu-Pengaduan-Aktivitas-Keuangan-Ilegal-dan-IASC-Berhasil-Blokir-Dana-Terkait-Scam-Rp-724-Miliar.aspx,0.2,https://ojk.go.id/id/berita-dan-kegiatan/info-terkini/Pages/Satgas-PASTI-Hentikan-953-Entitas-Pinjol-Ilegal-dan-Penawaran-Investasi-Ilegal.aspx,0.1333
gpt-18,33,https://ojk.go.id/id/berita-dan-kegiatan/info-terkini/Pages/Satgas-PASTI-Hentikan-953-Entitas-Pinjol-Ilegal-dan-Penawaran-Investasi-Ilegal.aspx,0.3846,https://ojk.go.id/id/berita-dan-kegiatan/info-terkini/Pages/Satgas-PASTI-Terima-25-Ribu-Pengaduan-Aktivitas-Keuangan-Ilegal-dan-IASC-Berhasil-Blokir-Dana-Terkait-Scam-Rp-724-Miliar.aspx,0.3462
gpt-18,34,https://iasc.ojk.go.id,0.2143,https://ojk.go.id/id/berita-dan-kegiatan/info-terkini/Pages/Satgas-PASTI-Terima-25-Ribu-Pengaduan-Aktivitas-Keuangan-Ilegal-dan-IASC-Berhasil-Blokir-Dana-Terkait-Scam-Rp-724-Miliar.aspx,0.1429
gpt-18,35,https://ojk.go.id/id/berita-dan-kegiatan/info-terkini/Pages/Satgas-PASTI-Terima-25-Ribu-Pengaduan-Aktivitas-Keuangan-Ilegal-dan-IASC-Berhasil-Blokir-Dana-Terkait-Scam-Rp-724-Miliar.aspx,0.1176,https://ojk.go.id/id/berita-dan-kegiatan/info-terkini/Pages/Satgas-PASTI-Hentikan-953-Entitas-Pinjol-Ilegal-dan-Penawaran-Investasi-Ilegal.aspx,0.0588
gpt-18,36,https://iasc.ojk.go.id,0.0667,https://ojk.go.id/id/berita-dan-kegiatan/info-terkini/Pages/Satgas-PASTI-Terima-25-Ribu-Pengaduan-Aktivitas-Keuangan-Ilegal-dan-IASC-Berhasil-Blokir-Dana-Terkait-Scam-Rp-724-Miliar.aspx,0.0667
gpt-19,0,https://ojk.go.id/id/kanal/edukasi-dan-perlindungan-konsumen/Pages/lembaga-alternatif-penyelesaian-sengketa.aspx,0.1111,https://ojk.go.id/id/regulasi/Documents/Pages/Pelindungan-Konsumen-dan-Masyarakat-di-Sektor-Jasa-Keuangan/POJK%2022%20Tahun%202023%20Pelindungan%20Konsumen%20dan%20Masyarakat%20di%20Sektor%20Jasa%20Keuangan.pdf,0.1111
gpt-19,1,https://ojk.go.id/id/kanal/edukasi-dan-perlindungan-konsumen/Pages/lembaga-alternatif-penyelesaian-sengketa.aspx,0.0,https://ojk.go.id/id/regulasi/Documents/Pages/Pelindungan-Konsumen-dan-Masyarakat-di-Sektor-Jasa-Keuangan/POJK%2022%20Tahun%202023%20Pelindungan%20Konsumen%20dan%20Masyarakat%20di%20Sektor%20Jasa%20Keuangan.pdf,0.0
gpt-19,2,https://ojk.go.id/id/kanal/edukasi-dan-perlindungan-konsumen/Pages/lembaga-alternatif-penyelesaian-sengketa.aspx,0.2857,https://lapssjk.id,0.1429
gpt-19,3,https://ojk.go.id/id/kanal/edukasi-dan-perlindungan-konsumen/Pages/lembaga-alternatif-penyelesaian-sengketa.aspx,1.0,https://ojk.go.id/id/regulasi/Documents/Pages/Pelindungan-Konsumen-dan-Masyarakat-di-Sektor-Jasa-Keuangan/POJK%2022%20Tahun%202023%20Pelindungan%20Konsumen%20dan%20Masyarakat%20di%20Sektor%20Jasa%20Keuangan.pdf,1.0
gpt-19,4,https://ojk.go.id/id/kanal/edukasi-dan-perlindungan-konsumen/Pages/lembaga-alternatif-penyelesaian-sengketa.aspx,0.0,https://ojk.go.id/id/regulasi/Documents/Pages/Pelindungan-Konsumen-dan-Masyarakat-di-Sektor-Jasa-Keuangan/POJK%2022%20Tahun%202023%20Pelindungan%20Konsumen%20dan%20Masyarakat%20di%20Sektor%20Jasa%20Keuangan.pdf,0.0
gpt-19,5,https://ojk.go.id/id/regulasi/Documents/Pages/Pelindungan-Konsumen-dan-Masyarakat-di-Sektor-Jasa-Keuangan/POJK%2022%20Tahun%202023%20Pelindungan%20Konsumen%20dan%20Masyarakat%20di%20Sektor%20Jasa%20Keuangan.pdf,0.1,https://ojk.go.id/id/kanal/edukasi-dan-perlindungan-konsumen/Pages/lembaga-alternatif-penyelesaian-sengketa.aspx,0.0
gpt-19,6,https://iasc.ojk.go.id,0.0909,https://ojk.go.id/id/regulasi/Documents/Pages/Pelindungan-Konsumen-dan-Masyarakat-di-Sektor-Jasa-Keuangan/POJK%2022%20Tahun%202023%20Pelindungan%20Konsumen%20dan%20Masyarakat%20di%20Sektor%20Jasa%20Keuangan.pdf,0.0455
gpt-19,7,https://ojk.go.id/id/regulasi/Documents/Pages/Pelindungan-Konsumen-dan-Masyarakat-di-Sektor-Jasa-Keuangan/POJK%2022%20Tahun%202023%20Pelindungan%20Konsumen%20dan%20Masyarakat%20di%20Sektor%20Jasa%20Keuangan.pdf,0.1538,https://iasc.ojk.go.id,0.1538
gpt-19,8,https://ojk.go.id/id/regulasi/Documents/Pages/Pelindungan-Konsumen-dan-Masyarakat-di-Sektor-Jasa-Keuangan/POJK%2022%20Tahun%202023%20Pelindungan%20Konsumen%20dan%20Masyarakat%20di%20Sektor%20Jasa%20Keuangan.pdf,0.1818,https://ojk.go.id/id/kanal/edukasi-dan-perlindungan-konsumen/Pages/lembaga-alternatif-penyelesaian-sengketa.aspx,0.0909
gpt-19,9,https://lapssjk.id,0.1538,https://btn.co.id/id/laps-sjk,0.1538
gpt-19,10,https://ojk.go.id/id/regulasi/Documents/Pages/Pelindungan-Konsumen-dan-Masyarakat-di-Sektor-Jasa-Keuangan/POJK%2022%20Tahun%202023%20Pelindungan%20Konsumen%20dan%20Masyarakat%20di%20Sektor%20Jasa%20Keuangan.pdf,0.5652,https://ojk.go.id/id/kanal/edukasi-dan-perlindungan-konsumen/Pages/lembaga-alternatif-penyelesaian-sengketa.aspx,0.3043
gpt-19,11,https://ojk.go.id/id/regulasi/Documents/Pages/Pelindungan-Konsumen-dan-Masyarakat-di-Sektor-Jasa-Keuangan/POJK%2022%20Tahun%202023%20Pelindungan%20Konsumen%20dan%20Masyarakat%20di%20Sektor%20Jasa%20Keuangan.pdf,0.5833,https://ojk.go.id/id/kanal/edukasi-dan-perlindungan-konsumen/Pages/lembaga-alternatif-penyelesaian-sengketa.aspx,0.1667
gpt-19,12,https://iasc.ojk.go.id,0.2,https://ojk.go.id/id/kanal/edukasi-dan-perlindungan-konsumen/Pages/lembaga-alternatif-penyelesaian-sengketa.aspx,0.0
gpt-19,13,https://ojk.go.id/id/kanal/edukasi-dan-perlindungan-konsumen/Pages/lembaga-alternatif-penyelesaian-sengketa.aspx,1.0,https://ojk.go.id/id/regulasi/Documents/Pages/Pelindungan-Konsumen-dan-Masyarakat-di-Sektor-Jasa-Keuangan/POJK%2022%20Tahun%202023%20Pelindungan%20Konsumen%20dan%20Masyarakat%20di%20Sektor%20Jasa%20Keuangan.pdf,1.0
gpt-19,14,https://ojk.go.id/id/kanal/edukasi-dan-perlindungan-konsumen/Pages/lembaga-alternatif-penyelesaian-sengketa.aspx,0.0,https://ojk.go.id/id/regulasi/Documents/Pages/Pelindungan-Konsumen-dan-Masyarakat-di-Sektor-Jasa-Keuangan/POJK%2022%20Tahun%202023%20Pelindungan%20Konsumen%20dan%20Masyarakat%20di%20Sektor%20Jasa%20Keuangan.pdf,0.0
gpt-19,15,https://lapssjk.id,0.6,https://btn.co.id/id/laps-sjk,0.6
gpt-19,16,https://ojk.go.id/id/regulasi/Documents/Pages/Pelindungan-Konsumen-dan-Masyarakat-di-Sektor-Jasa-Keuangan/POJK%2022%20Tahun%202023%20Pelindungan%20Konsumen%20dan%20Masyarakat%20di%20Sektor%20Jasa%20Keuangan.pdf,0.2857,https://btn.co.id/id/laps-sjk,0.2857
gpt-19,17,https://ojk.go.id/id/regulasi/Documents/Pages/Pelindungan-Konsumen-dan-Masyarakat-di-Sektor-Jasa-Keuangan/POJK%2022%20Tahun%202023%20Pelindungan%20Konsumen%20dan%20Masyarakat%20di%20Sektor%20Jasa%20Keuangan.pdf,0.1111,https://btn.co.id/id/laps-sjk,0.1111
gpt-19,18,https://iasc.ojk.go.id,0.1429,https://ojk.go.id/id/kanal/edukasi-dan-perlindungan-konsumen/Pages/lembaga-alternatif-penyelesaian-sengketa.aspx,0.0
gpt-19,19,https://ojk.go.id/id/kanal/edukasi-dan-perlindungan-konsumen/Pages/lembaga-alternatif-penyelesaian-sengketa.aspx,0.25,https://lapssjk.id,0.25
gpt-19,20,https://ojk.go.id/id/regulasi/Documents/Pages/Pelindungan-Konsumen-dan-Masyarakat-di-Sektor-Jasa-Keuangan/POJK%2022%20Tahun%202023%20Pelindungan%20Konsumen%20dan%20Masyarakat%20di%20Sektor%20Jasa%20Keuangan.pdf,0.6923,https://ojk.go.id/id/kanal/edukasi-dan-perlindungan-konsumen/Pages/lembaga-alternatif-penyelesaian-sengketa.aspx,0.6154
gpt-19,21,https://ojk.go.id/id/kanal/edukasi-dan-perlindungan-konsumen/Pages/lembaga-alternatif-penyelesaian-sengketa.aspx,0.2308,https://ojk.go.id/id/regulasi/Documents/Pages/Pelindungan-Konsumen-dan-Masyarakat-di-Sektor-Jasa-Keuangan/POJK%2022%20Tahun%202023%20Pelindungan%20Konsumen%20dan%20Masyarakat%20di%20Sektor%20Jasa%20Keuangan.pdf,0.1538
gpt-19,22,https://ojk.go.id/id/kanal/edukasi-dan-perlindungan-konsumen/Pages/lembaga-alternatif-penyelesaian-sengketa.aspx,0.0,https://ojk.go.id/id/regulasi/Documents/Pages/Pelindungan-Konsumen-dan-Masyarakat-di-Sektor-Jasa-Keuangan/POJK%2022%20Tahun%202023%20Pelindungan%20Konsumen%20dan%20Masyarakat%20di%20Sektor%20Jasa%20Keuangan.pdf,0.0
gpt-19,23,https://ojk.go.id/id/kanal/edukasi-dan-perlindungan-konsumen/Pages/lembaga-alternatif-penyelesaian-sengketa.aspx,0.0,https://ojk.go.id/id/regulasi/Documents/Pages/Pelindungan-Konsumen-dan-Masyarakat-di-Sektor-Jasa-Keuangan/POJK%2022%20Tahun%202023%20Pelindungan%20Konsumen%20dan%20Masyarakat%20di%20Sektor%20Jasa%20Keuangan.pdf,0.0
gpt-19,24,https://ojk.go.id/id/kanal/edukasi-dan-perlindungan-konsumen/Pages/lembaga-alternatif-penyelesaian-sengketa.aspx,0.0,https://ojk.go.id/id/regulasi/Documents/Pages/Pelindungan-Konsumen-dan-Masyarakat-di-Sektor-Jasa-Keuangan/POJK%2022%20Tahun%202023%20Pelindungan%20Konsumen%20dan%20Masyarakat%20di%20Sektor%20Jasa%20Keuangan.pdf,0.0
gpt-19,25,https://iasc.ojk.go.id,0.4444,https://ojk.go.id/id/kanal/edukasi-dan-perlindungan-konsumen/Pages/lembaga-alternatif-penyelesaian-sengketa.aspx,0.0
gpt-19,26,https://ojk.go.id/id/kanal/edukasi-dan-perlindungan-konsumen/Pages/lembaga-alternatif-penyelesaian-sengketa.aspx,1.0,https://ojk.go.id/id/regulasi/Documents/Pages/Pelindungan-Konsumen-dan-Masyarakat-di-Sektor-Jasa-Keuangan/POJK%2022%20Tahun%202023%20Pelindungan%20Konsumen%20dan%20Masyarakat%20di%20Sektor%20Jasa%20Keuangan.pdf,1.0
gpt-19,27,https://ojk.go.id/id/kanal/edukasi-dan-perlindungan-konsumen/Pages/lembaga-alternatif-penyelesaian-sengketa.aspx,0.0,https://ojk.go.id/id/regulasi/Documents/Pages/Pelindungan-Konsumen-dan-Masyarakat-di-Sektor-Jasa-Keuangan/POJK%2022%20Tahun%202023%20Pelindungan%20Konsumen%20dan%20Masyarakat%20di%20Sektor%20Jasa%20Keuangan.pdf,0.0
gpt-19,28,https://ojk.go.id/id/regulasi/Documents/Pages/Pelindungan-Konsumen-dan-Masyarakat-di-Sektor-Jasa-Keuangan/POJK%2022%20Tahun%202023%20Pelindungan%20Konsumen%20dan%20Masyarakat%20di%20Sektor%20Jasa%20Keuangan.pdf,1.0,https://ojk.go.id/id/kanal/edukasi-dan-perlindungan-konsumen/Pages/lembaga-alternatif-penyelesaian-sengketa.aspx,0.0
gpt-19,29,https://ojk.go.id/id/kanal/edukasi-dan-perlindungan-konsumen/Pages/lembaga-alternatif-penyelesaian-sengketa.aspx,0.0,https://ojk.go.id/id/regulasi/Documents/Pages/Pelindungan-Konsumen-dan-Masyarakat-di-Sektor-Jasa-Keuangan/POJK%2022%20Tahun%202023%20Pelindungan%20Konsumen%20dan%20Masyarakat%20di%20Sektor%20Jasa%20Keuangan.pdf,0.0
gpt-19,30,https://ojk.go.id/id/kanal/edukasi-dan-perlindungan-konsumen/Pages/lembaga-alternatif-penyelesaian-sengketa.aspx,0.0,https://ojk.go.id/id/regulasi/Documents/Pages/Pelindungan-Konsumen-dan-Masyarakat-di-Sektor-Jasa-Keuangan/POJK%2022%20Tahun%202023%20Pelindungan%20Konsumen%20dan%20Masyarakat%20di%20Sektor%20Jasa%20Keuangan.pdf,0.0
gpt-19,31,https://ojk.go.id/id/kanal/edukasi-dan-perlindungan-konsumen/Pages/lembaga-alternatif-penyelesaian-sengketa.aspx,0.0,https://ojk.go.id/id/regulasi/Documents/Pages/Pelindungan-Konsumen-dan-Masyarakat-di-Sektor-Jasa-Keuangan/POJK%2022%20Tahun%202023%20Pelindungan%20Konsumen%20dan%20Masyarakat%20di%20Sektor%20Jasa%20Keuangan.pdf,0.0
gpt-19,32,https://ojk.go.id/id/regulasi/Documents/Pages/Pelindungan-Konsumen-dan-Masyarakat-di-Sektor-Jasa-Keuangan/POJK%2022%20Tahun%202023%20Pelindungan%20Konsumen%20dan%20Masyarakat%20di%20Sektor%20Jasa%20Keuangan.pdf,0.4,https://ojk.go.id/id/kanal/edukasi-dan-perlindungan-konsumen/Pages/lembaga-alternatif-penyelesaian-sengketa.aspx,0.0
gpt-19,33,https://ojk.go.id/id/regulasi/Documents/Pages/Pelindungan-Konsumen-dan-Masyarakat-di-Sektor-Jasa-Keuangan/POJK%2022%20Tahun%202023%20Pelindungan%20Konsumen%20dan%20Masyarakat%20di%20Sektor%20Jasa%20Keuangan.pdf,0.3333,https://ojk.go.id/id/kanal/edukasi-dan-perlindungan-konsumen/Pages/lembaga-alternatif-penyelesaian-sengketa.aspx,0.0
gpt-19,34,https://ojk.go.id/id/regulasi/Documents/Pages/Pelindungan-Konsumen-dan-Masyarakat-di-Sektor-Jasa-Keuangan/POJK%2022%20Tahun%202023%20Pelindungan%20Konsumen%20dan%20Masyarakat%20di%20Sektor%20Jasa%20Keuangan.pdf,0.3333,https://lapssjk.id,0.3333
gpt-19,35,https://ojk.go.id/id/kanal/edukasi-dan-perlindungan-konsumen/Pages/lembaga-alternatif-penyelesaian-sengketa.aspx,0.0,https://ojk.go.id/id/regulasi/Documents/Pages/Pelindungan-Konsumen-dan-Masyarakat-di-Sektor-Jasa-Keuangan/POJK%2022%20Tahun%202023%20Pelindungan%20Konsumen%20dan%20Masyarakat%20di%20Sektor%20Jasa%20Keuangan.pdf,0.0
gpt-19,36,https://ojk.go.id/id/kanal/edukasi-dan-perlindungan-konsumen/Pages/lembaga-alternatif-penyelesaian-sengketa.aspx,0.0,https://ojk.go.id/id/regulasi/Documents/Pages/Pelindungan-Konsumen-dan-Masyarakat-di-Sektor-Jasa-Keuangan/POJK%2022%20Tahun%202023%20Pelindungan%20Konsumen%20dan%20Masyarakat%20di%20Sektor%20Jasa%20Keuangan.pdf,0.0
gpt-19,37,https://ojk.go.id/id/kanal/edukasi-dan-perlindungan-konsumen/Pages/lembaga-alternatif-penyelesaian-sengketa.aspx,0.0,https://ojk.go.id/id/regulasi/Documents/Pages/Pelindungan-Konsumen-dan-Masyarakat-di-Sektor-Jasa-Keuangan/POJK%2022%20Tahun%202023%20Pelindungan%20Konsumen%20dan%20Masyarakat%20di%20Sektor%20Jasa%20Keuangan.pdf,0.0
gpt-19,38,https://ojk.go.id/id/regulasi/Documents/Pages/Pelindungan-Konsumen-dan-Masyarakat-di-Sektor-Jasa-Keuangan/POJK%2022%20Tahun%202023%20Pelindungan%20Konsumen%20dan%20Masyarakat%20di%20Sektor%20Jasa%20Keuangan.pdf,0.5,https://ojk.go.id/id/kanal/edukasi-dan-perlindungan-konsumen/Pages/lembaga-alternatif-penyelesaian-sengketa.aspx,0.0
gpt-19,39,https://ojk.go.id/id/regulasi/Documents/Pages/Pelindungan-Konsumen-dan-Masyarakat-di-Sektor-Jasa-Keuangan/POJK%2022%20Tahun%202023%20Pelindungan%20Konsumen%20dan%20Masyarakat%20di%20Sektor%20Jasa%20Keuangan.pdf,0.1818,https://lapssjk.id,0.0909
gpt-19,40,https://ojk.go.id/id/kanal/edukasi-dan-perlindungan-konsumen/Pages/lembaga-alternatif-penyelesaian-sengketa.aspx,0.0,https://ojk.go.id/id/regulasi/Documents/Pages/Pelindungan-Konsumen-dan-Masyarakat-di-Sektor-Jasa-Keuangan/POJK%2022%20Tahun%202023%20Pelindungan%20Konsumen%20dan%20Masyarakat%20di%20Sektor%20Jasa%20Keuangan.pdf,0.0
gpt-19,41,https://ojk.go.id/id/regulasi/Documents/Pages/Pelindungan-Konsumen-dan-Masyarakat-di-Sektor-Jasa-Keuangan/POJK%2022%20Tahun%202023%20Pelindungan%20Konsumen%20dan%20Masyarakat%20di%20Sektor%20Jasa%20Keuangan.pdf,0.4,https://ojk.go.id/id/kanal/edukasi-dan-perlindungan-konsumen/Pages/lembaga-alternatif-penyelesaian-sengketa.aspx,0.1
gpt-19,42,https://ojk.go.id/id/regulasi/Documents/Pages/Pelindungan-Konsumen-dan-Masyarakat-di-Sektor-Jasa-Keuangan/POJK%2022%20Tahun%202023%20Pelindungan%20Konsumen%20dan%20Masyarakat%20di%20Sektor%20Jasa%20Keuangan.pdf,0.3333,https://ojk.go.id/id/kanal/edukasi-dan-perlindungan-konsumen/Pages/lembaga-alternatif-penyelesaian-sengketa.aspx,0.0
gpt-19,43,https://ojk.go.id/id/regulasi/Documents/Pages/Pelindungan-Konsumen-dan-Masyarakat-di-Sektor-Jasa-Keuangan/POJK%2022%20Tahun%202023%20Pelindungan%20Konsumen%20dan%20Masyarakat%20di%20Sektor%20Jasa%20Keuangan.pdf,0.5,https://ojk.go.id/id/kanal/edukasi-dan-perlindungan-konsumen/Pages/lembaga-alternatif-penyelesaian-sengketa.aspx,0.0
gpt-19,44,https://ojk.go.id/id/kanal/edukasi-dan-perlindungan-konsumen/Pages/lembaga-alternatif-penyelesaian-sengketa.aspx,0.0,https://ojk.go.id/id/regulasi/Documents/Pages/Pelindungan-Konsumen-dan-Masyarakat-di-Sektor-Jasa-Keuangan/POJK%2022%20Tahun%202023%20Pelindungan%20Konsumen%20dan%20Masyarakat%20di%20Sektor%20Jasa%20Keuangan.pdf,0.0
gpt-19,45,https://ojk.go.id/id/kanal/edukasi-dan-perlindungan-konsumen/Pages/lembaga-alternatif-penyelesaian-sengketa.aspx,1.0,https://ojk.go.id/id/regulasi/Documents/Pages/Pelindungan-Konsumen-dan-Masyarakat-di-Sektor-Jasa-Keuangan/POJK%2022%20Tahun%202023%20Pelindungan%20Konsumen%20dan%20Masyarakat%20di%20Sektor%20Jasa%20Keuangan.pdf,1.0
gpt-20,0,https://ojk.go.id/id/kanal/perbankan/data-dan-statistik/direktori-perbankan-indonesia/default.aspx,0.0625,https://ojk.go.id/waspada-investasi/id/FAQ.aspx,0.0
gpt-20,1,https://ojk.go.id/waspada-investasi/id/FAQ.aspx,1.0,https://lps.go.id,1.0
gpt-20,2,https://ojk.go.id/id/kanal/perbankan/data-dan-statistik/direktori-perbankan-indonesia/default.aspx,0.0,https://ojk.go.id/waspada-investasi/id/FAQ.aspx,0.0
gpt-20,3,https://ojk.go.id/id/kanal/perbankan/data-dan-statistik/direktori-perbankan-indonesia/default.aspx,0.0,https://ojk.go.id/waspada-investasi/id/FAQ.aspx,0.0
gpt-20,4,https://ojk.go.id/id/kanal/perbankan/data-dan-statistik/direktori-perbankan-indonesia/default.aspx,0.125,https://ojk.go.id/waspada-investasi/id/FAQ.aspx,0.125
gpt-20,5,https://ojk.go.id/id/kanal/perbankan/data-dan-statistik/direktori-perbankan-indonesia/default.aspx,0.0,https://ojk.go.id/waspada-investasi/id/FAQ.aspx,0.0
gpt-20,6,https://lps.go.id,0.5,https://ojk.go.id/id/kanal/perbankan/data-dan-statistik/direktori-perbankan-indonesia/default.aspx,0.0
gpt-20,7,https://ojk.go.id/id/Publikasi/Info-Hoax/Pages/Waspada-Penipuan-HUT-OJK.aspx,0.1429,https://ojk.go.id/id/kanal/perbankan/data-dan-statistik/direktori-perbankan-indonesia/default.aspx,0.0
gpt-20,8,https://ojk.go.id/id/kanal/perbankan/data-dan-statistik/direktori-perbankan-indonesia/default.aspx,0.1111,https://ojk.go.id/waspada-investasi/id/FAQ.aspx,0.1111
gpt-20,9,https://ojk.go.id/id/kanal/perbankan/data-dan-statistik/direktori-perbankan-indonesia/default.aspx,0.0,https://ojk.go.id/waspada-investasi/id/FAQ.aspx,0.0
gpt-20,10,https://ojk.go.id/waspada-investasi/id/FAQ.aspx,0.1429,https://ojk.go.id/id/kanal/perbankan/data-dan-statistik/direktori-perbankan-indonesia/default.aspx,0.0
gpt-20,11,https://ojk.go.id/id/kanal/perbankan/data-dan-statistik/direktori-perbankan-indonesia/default.aspx,0.0,https://ojk.go.id/waspada-investasi/id/FAQ.aspx,0.0
gpt-20,12,https://ojk.go.id/id/kanal/perbankan/data-dan-statistik/direktori-perbankan-indonesia/default.aspx,0.3,https://lps.go.id,0.1
gpt-20,13,https://ojk.go.id/id/kanal/perbankan/data-dan-statistik/direktori-perbankan-indonesia/default.aspx,1.0,https://ojk.go.id/id/berita-dan-kegiatan/publikasi/Pages/Jadwal-Operasional-Kontak-157.aspx,1.0
gpt-20,14,https://ojk.go.id/id/kanal/perbankan/data-dan-statistik/direktori-perbankan-indonesia/default.aspx,0.0,https://ojk.go.id/waspada-investasi/id/FAQ.aspx,0.0
gpt-20,15,https://ojk.go.id/id/kanal/perbankan/data-dan-statistik/direktori-perbankan-indonesia/default.aspx,0.1667,https://ojk.go.id/waspada-investasi/id/FAQ.aspx,0.0
gpt-20,16,https://ojk.go.id/id/kanal/perbankan/data-dan-statistik/direktori-perbankan-indonesia/default.aspx,0.0,https://ojk.go.id/waspada-investasi/id/FAQ.aspx,0.0
gpt-20,17,https://ojk.go.id/id/kanal/perbankan/data-dan-statistik/direktori-perbankan-indonesia/default.aspx,0.0,https://ojk.go.id/waspada-investasi/id/FAQ.aspx,0.0
gpt-20,18,https://ojk.go.id/id/kanal/perbankan/data-dan-statistik/direktori-perbankan-indonesia/default.aspx,0.0,https://ojk.go.id/waspada-investasi/id/FAQ.aspx,0.0
gpt-20,19,https://lps.go.id,0.0588,https://ojk.go.id/id/kanal/perbankan/data-dan-statistik/direktori-perbankan-indonesia/default.aspx,0.0
gpt-20,20,https://ojk.go.id/waspada-investasi/id/FAQ.aspx,1.0,https://ojk.go.id/id/kanal/perbankan/data-dan-statistik/direktori-perbankan-indonesia/default.aspx,0.0
gpt-20,21,https://ojk.go.id/waspada-investasi/id/FAQ.aspx,1.0,https://ojk.go.id/id/kanal/perbankan/data-dan-statistik/direktori-perbankan-indonesia/default.aspx,0.0
gpt-20,22,https://ojk.go.id/id/berita-dan-kegiatan/publikasi/Pages/Jadwal-Operasional-Kontak-157.aspx,0.4167,https://ojk.go.id/id/Publikasi/Info-Hoax/Pages/Waspada-Penipuan-HUT-OJK.aspx,0.4167
gem-01,0,https://fazz.com/id/newsroom/fazza/daftar-bank-digital-dengan-bunga-tertinggi-2026,0.4,https://akulaku.com/blog/perbandingan-bank-digital-terbaik-2026,0.4
gem-01,1,https://fazz.com/id/newsroom/fazza/daftar-bank-digital-dengan-bunga-tertinggi-2026,0.3077,https://id.tradingview.com/news/kontan:645db5a5687ea:0,0.2308
gem-01,2,https://id.tradingview.com/news/kontan:645db5a5687ea:0,1.0,https://keuangan.kontan.co.id/news/bunga-deposito-bank-digital-masih-tinggi-ada-yang-mencapai-9,1.0
gem-01,3,https://id.tradingview.com/news/kontan:645db5a5687ea:0,0.6667,https://keuangan.kontan.co.id/news/bunga-deposito-bank-digital-masih-tinggi-ada-yang-mencapai-9,0.6667
gem-01,4,https://id.tradingview.com/news/kontan:645db5a5687ea:0,0.3077,https://fazz.com/id/newsroom/fazza/daftar-bank-digital-dengan-bunga-tertinggi-2026,0.3077
gem-01,5,https://id.tradingview.com/news/kontan:645db5a5687ea:0,0.4444,https://keuangan.kontan.co.id/news/bunga-deposito-bank-digital-masih-tinggi-ada-yang-mencapai-9,0.4444
gem-01,6,https://id.tradingview.com/news/kontan:645db5a5687ea:0,0.25,https://keuangan.kontan.co.id/news/bunga-deposito-bank-digital-masih-tinggi-ada-yang-mencapai-9,0.25
gem-01,7,https://id.tradingview.com/news/kontan:645db5a5687ea:0,0.1,https://keuangan.kontan.co.id/news/bunga-deposito-bank-digital-masih-tinggi-ada-yang-mencapai-9,0.1
gem-01,8,https://id.tradingview.com/news/kontan:645db5a5687ea:0,0.5385,https://keuangan.kontan.co.id/news/bunga-deposito-bank-digital-masih-tinggi-ada-yang-mencapai-9,0.3846
gem-01,9,https://keuangan.kontan.co.id/news/bunga-deposito-bank-digital-masih-tinggi-ada-yang-mencapai-9,0.5455,https://id.tradingview.com/news/kontan:645db5a5687ea:0,0.3636
gem-01,10,https://id.tradingview.com/news/kontan:645db5a5687ea:0,0.5,https://keuangan.kontan.co.id/news/bunga-deposito-bank-digital-masih-tinggi-ada-yang-mencapai-9,0.3
gem-01,11,https://id.tradingview.com/news/kontan:645db5a5687ea:0,0.4286,https://keuangan.kontan.co.id/news/bunga-deposito-bank-digital-masih-tinggi-ada-yang-mencapai-9,0.4286
gem-01,12,https://id.tradingview.com/news/kontan:645db5a5687ea:0,1.0,https://keuangan.kontan.co.id/news/bunga-deposito-bank-digital-masih-tinggi-ada-yang-mencapai-9,1.0
gem-01,13,https://seabank.co.id/produk-layanan/digital/tabungan,0.2857,https://fazz.com/id/newsroom/fazza/daftar-bank-digital-dengan-bunga-tertinggi-2026,0.1429
gem-01,14,https://id.tradingview.com/news/kontan:645db5a5687ea:0,0.0,https://keuangan.kontan.co.id/news/bunga-deposito-bank-digital-masih-tinggi-ada-yang-mencapai-9,0.0
gem-01,15,https://id.tradingview.com/news/kontan:645db5a5687ea:0,0.1818,https://keuangan.kontan.co.id/news/bunga-deposito-bank-digital-masih-tinggi-ada-yang-mencapai-9,0.1818
gem-01,16,https://id.tradingview.com/news/kontan:645db5a5687ea:0,0.2857,https://keuangan.kontan.co.id/news/bunga-deposito-bank-digital-masih-tinggi-ada-yang-mencapai-9,0.2857
gem-01,17,https://akulaku.com/blog/perbandingan-bank-digital-terbaik-2026,0.3,https://fazz.com/id/newsroom/fazza/daftar-bank-digital-dengan-bunga-tertinggi-2026,0.2
gem-01,18,https://id.tradingview.com/news/kontan:645db5a5687ea:0,0.3846,https://keuangan.kontan.co.id/news/bunga-deposito-bank-digital-masih-tinggi-ada-yang-mencapai-9,0.3846
gem-02,0,https://fazz.com/id/newsroom/fazza/bank-tanpa-biaya-admin,0.4444,https://fazz.com/id/newsroom/fazza/bank-digital-tanpa-biaya-admin,0.3889
gem-02,1,https://nexapp.co/post/tabungan-tanpa-biaya-admin-apa-saja-pilihannya-di-2025,1.0,https://kawula.id/rekomendasi-bank-digital-terbaik,1.0
gem-02,2,https://nexapp.co/post/tabungan-tanpa-biaya-admin-apa-saja-pilihannya-di-2025,0.8,https://kawula.id/rekomendasi-bank-digital-terbaik,0.8
gem-02,3,https://nexapp.co/post/tabungan-tanpa-biaya-admin-apa-saja-pilihannya-di-2025,0.5556,https://kawula.id/rekomendasi-bank-digital-terbaik,0.4444
gem-02,4,https://kawula.id/rekomendasi-bank-digital-terbaik,0.4,https://nexapp.co/post/tabungan-tanpa-biaya-admin-apa-saja-pilihannya-di-2025,0.3
gem-02,5,https://kawula.id/rekomendasi-bank-digital-terbaik,0.3636,https://pluang.com/blog/resource/tabungan-tanpa-biaya-administrasi,0.0909
gem-02,6,https://kawula.id/rekomendasi-bank-digital-terbaik,0.25,https://nexapp.co/post/tabungan-tanpa-biaya-admin-apa-saja-pilihannya-di-2025,0.1667
gem-02,7,https://kawula.id/rekomendasi-bank-digital-terbaik,0.3846,https://nexapp.co/post/tabungan-tanpa-biaya-admin-apa-saja-pilihannya-di-2025,0.3077
gem-02,8,https://kawula.id/rekomendasi-bank-digital-terbaik,0.375,https://nexapp.co/post/tabungan-tanpa-biaya-admin-apa-saja-pilihannya-di-2025,0.125
gem-02,9,https://kawula.id/rekomendasi-bank-digital-terbaik,0.3333,https://nexapp.co/post/tabungan-tanpa-biaya-admin-apa-saja-pilihannya-di-2025,0.1667
gem-02,10,https://kawula.id/rekomendasi-bank-digital-terbaik,0.1818,https://fazz.com/id/newsroom/fazza/bank-digital-tanpa-biaya-admin,0.1818
gem-02,11,https://nexapp.co/post/tabungan-tanpa-biaya-admin-apa-saja-pilihannya-di-2025,1.0,https://kawula.id/rekomendasi-bank-digital-terbaik,1.0
gem-02,12,https://nexapp.co/post/tabungan-tanpa-biaya-admin-apa-saja-pilihannya-di-2025,0.2,https://kawula.id/rekomendasi-bank-digital-terbaik,0.2
gem-02,13,https://fazz.com/id/newsroom/fazza/bank-tanpa-biaya-admin,0.4545,https://nexapp.co/post/tabungan-tanpa-biaya-admin-apa-saja-pilihannya-di-2025,0.3636
gem-02,14,https://fazz.com/id/newsroom/fazza/bank-tanpa-biaya-admin,0.2069,https://cermati.com/artikel/tabungan-pilihan-tanpa-biaya-administrasi-bulanan,0.1724
gem-02,15,https://cermati.com/artikel/tabungan-pilihan-tanpa-biaya-administrasi-bulanan,0.2941,https://nexapp.co/post/tabungan-tanpa-biaya-admin-apa-saja-pilihannya-di-2025,0.1765
gem-02,16,https://cermati.com/artikel/tabungan-pilihan-tanpa-biaya-administrasi-bulanan,0.8333,https://nexapp.co/post/tabungan-tanpa-biaya-admin-apa-saja-pilihannya-di-2025,0.0
gem-02,17,https://pluang.com/blog/resource/tabungan-tanpa-biaya-administrasi,0.6,https://nexapp.co/post/tabungan-tanpa-biaya-admin-apa-saja-pilihannya-di-2025,0.0
gem-02,18,https://pluang.com/blog/resource/tabungan-tanpa-biaya-administrasi,1.0,https://nexapp.co/post/tabungan-tanpa-biaya-admin-apa-saja-pilihannya-di-2025,0.0
gem-02,19,https://kawula.id/rekomendasi-bank-digital-terbaik,0.1,https://fazz.com/id/newsroom/fazza/bank-tanpa-biaya-admin,0.1
gem-03,0,https://akulaku.com/blog/perbandingan-bank-digital-terbaik-2026,0.1818,https://suara.com/bisnis/2026/10/07/232733/tips-mengelola-keuangan-secara-cerdas-dengan-aplikasi-digital,0.1818
gem-03,1,https://suara.com/bisnis/2026/10/07/232733/tips-mengelola-keuangan-secara-cerdas-dengan-aplikasi-digital,0.5,https://invesnesia.com/bank-digital-terbaik-di-indonesia,0.25
gem-03,2,https://akulaku.com/blog/perbandingan-bank-digital-terbaik-2026,0.1667,https://invesnesia.com/bank-digital-terbaik-di-indonesia,0.1667
gem-03,3,https://digitaltransformation.co.id/daftar-bank-digital-indonesia,0.1071,https://zaipad.com/bank-digital-terbaik-di-indonesia,0.1071
gem-03,4,https://invesnesia.com/bank-digital-terbaik-di-indonesia,0.0556,https://akulaku.com/blog/perbandingan-bank-digital-terbaik-2026,0.0
gem-03,5,https://akulaku.com/blog/perbandingan-bank-digital-terbaik-2026,0.3529,https://zaipad.com/bank-digital-terbaik-di-indonesia,0.2353
gem-03,6,https://zaipad.com/bank-digital-terbaik-di-indonesia,0.2273,https://akulaku.com/blog/perbandingan-bank-digital-terbaik-2026,0.1364
gem-03,7,https://invesnesia.com/bank-digital-terbaik-di-indonesia,0.2778,https://akulaku.com/blog/perbandingan-bank-digital-terbaik-2026,0.2222
gem-03,8,https://akulaku.com/blog/perbandingan-bank-digital-terbaik-2026,0.0588,https://digitaltransformation.co.id/daftar-bank-digital-indonesia,0.0588
gem-03,9,https://akulaku.com/blog/perbandingan-bank-digital-terbaik-2026,0.3333,https://digitaltransformation.co.id/daftar-bank-digital-indonesia,0.3333
gem-03,10,https://fazz.com/id/newsroom/fazza/bank-digital-tanpa-biaya-admin,0.1667,https://akulaku.com/blog/perbandingan-bank-digital-terbaik-2026,0.0
gem-03,11,https://akulaku.com/blog/perbandingan-bank-digital-terbaik-2026,0.5714,https://fazz.com/id/newsroom/fazza/bank-digital-tanpa-biaya-admin,0.2857
gem-03,12,https://zaipad.com/bank-digital-terbaik-di-indonesia,0.3333,https://akulaku.com/blog/perbandingan-bank-digital-terbaik-2026,0.0
gem-03,13,https://akulaku.com/blog/perbandingan-bank-digital-terbaik-2026,0.3333,https://fazz.com/id/newsroom/fazza/bank-digital-tanpa-biaya-admin,0.3333
gem-04,0,https://bankneocommerce.co.id/id/home,0.5789,https://seabank.co.id/produk-layanan/digital/tabungan,0.5789
gem-04,1,https://akulaku.com/blog/perbandingan-bank-digital-terbaik-2026,0.1429,https://zaipad.com/bank-digital-terbaik-di-indonesia,0.1429
gem-04,2,https://akulaku.com/blog/perbandingan-bank-digital-terbaik-2026,1.0,https://zaipad.com/bank-digital-terbaik-di-indonesia,1.0
gem-04,3,https://fazz.com/id/newsroom/fazza/daftar-bank-digital-dengan-bunga-tertinggi-2026,0.25,https://akulaku.com/blog/perbandingan-bank-digital-terbaik-2026,0.125
gem-04,4,https://akulaku.com/blog/perbandingan-bank-digital-terbaik-2026,0.2,https://zaipad.com/bank-digital-terbaik-di-indonesia,0.1333
gem-04,5,https://akulaku.com/blog/perbandingan-bank-digital-terbaik-2026,0.5,https://vida.id/id/blog/bank-digital-terbaik,0.5
gem-04,6,https://akulaku.com/blog/perbandingan-bank-digital-terbaik-2026,0.1,https://hokibank.co.id/bank-digital-apakah-aman-ini-jawaban-solusinya,0.1
gem-04,7,https://akulaku.com/blog/perbandingan-bank-digital-terbaik-2026,0.0,https://zaipad.com/bank-digital-terbaik-di-indonesia,0.0
gem-04,8,https://hokibank.co.id/bank-digital-apakah-aman-ini-jawaban-solusinya,0.25,https://akulaku.com/blog/perbandingan-bank-digital-terbaik-2026,0.0
gem-04,9,https://akulaku.com/blog/perbandingan-bank-digital-terbaik-2026,0.0,https://zaipad.com/bank-digital-terbaik-di-indonesia,0.0
gem-04,10,https://akulaku.com/blog/perbandingan-bank-digital-terbaik-2026,0.1,https://hokibank.co.id/bank-digital-apakah-aman-ini-jawaban-solusinya,0.1
gem-04,11,https://akulaku.com/blog/perbandingan-bank-digital-terbaik-2026,0.5,https://zaipad.com/bank-digital-terbaik-di-indonesia,0.5
gem-04,12,https://akulaku.com/blog/perbandingan-bank-digital-terbaik-2026,0.1667,https://hokibank.co.id/bank-digital-apakah-aman-ini-jawaban-solusinya,0.0833
gem-04,13,https://akulaku.com/blog/perbandingan-bank-digital-terbaik-2026,1.0,https://zaipad.com/bank-digital-terbaik-di-indonesia,1.0
gem-04,14,https://finance.detik.com/moneter/d-8048383/nabung-di-bank-digital-aman-dijamin-lps,0.1429,https://akulaku.com/blog/perbandingan-bank-digital-terbaik-2026,0.0
gem-04,15,https://zaipad.com/bank-digital-terbaik-di-indonesia,0.1818,https://bankneocommerce.co.id/id/home,0.1818
gem-04,16,https://finance.detik.com/moneter/d-8048383/nabung-di-bank-digital-aman-dijamin-lps,0.1429,https://akulaku.com/blog/perbandingan-bank-digital-terbaik-2026,0.0
gem-04,17,https://zaipad.com/bank-digital-terbaik-di-indonesia,0.24,https://bankneocommerce.co.id/id/home,0.24
gem-04,18,https://akulaku.com/blog/perbandingan-bank-digital-terbaik-2026,0.0,https://zaipad.com/bank-digital-terbaik-di-indonesia,0.0
gem-04,19,https://akulaku.com/blog/perbandingan-bank-digital-terbaik-2026,0.0,https://zaipad.com/bank-digital-terbaik-di-indonesia,0.0
gem-04,20,https://vida.id/id/blog/bank-digital-terbaik,0.2857,https://fazz.com/id/newsroom/fazza/daftar-bank-digital-dengan-bunga-tertinggi-2026,0.2857
gem-04,21,https://vida.id/id/blog/bank-digital-terbaik,0.1667,https://fazz.com/id/newsroom/fazza/daftar-bank-digital-dengan-bunga-tertinggi-2026,0.1667
gem-04,22,https://zaipad.com/bank-digital-terbaik-di-indonesia,0.3333,https://bankneocommerce.co.id/id/home,0.2778
gem-04,23,https://vida.id/id/blog/bank-digital-terbaik,0.1765,https://akulaku.com/blog/perbandingan-bank-digital-terbaik-2026,0.1176
gem-05,0,https://cimbniaga.co.id/id/inspirasi/perencanaan/customer-service,0.1333,https://bca.co.id/id/tentang-bca/media-riset/pressroom/siaran-pers/2026/05/11/03/29/kembali-masuk-jajaran-worlds-best-bank-bca-jaga-konsistensi,0.0667
gem-05,1,https://bankneocommerce.co.id/id/home,0.3333,https://id.headtopics.com/news/18-bank-indonesia-masuk-world-s-best-banks-2026-83242143,0.2222
gem-05,2,https://infobankstore.com/artikel/1234/bni-juara-pelayanan-prima-disusul-bsi-bri,0.2,https://bankneocommerce.co.id/id/home,0.2
gem-05,3,https://bca.co.id/id/tentang-bca/media-riset/pressroom/siaran-pers/2026/05/11/03/29/kembali-masuk-jajaran-worlds-best-bank-bca-jaga-konsistensi,0.8333,https://akulaku.com/blog/perbandingan-bank-digital-terbaik-2026,0.6667
gem-05,4,https://infobankstore.com/artikel/1234/bni-juara-pelayanan-prima-disusul-bsi-bri,0.0625,https://bca.co.id/id/tentang-bca/media-riset/pressroom/siaran-pers/2026/05/11/03/29/kembali-masuk-jajaran-worlds-best-bank-bca-jaga-konsistensi,0.0625
gem-05,5,https://cimbniaga.co.id/id/inspirasi/perencanaan/customer-service,0.0667,https://bcasekuritas.co.id/latest-news/news/bank-mandiri-raih-penghargaan-indonesia-customer-experience-of-the-year,0.0
gem-05,6,https://bcasekuritas.co.id/latest-news/news/bank-mandiri-raih-penghargaan-indonesia-customer-experience-of-the-year,0.2,https://infobankstore.com/artikel/1234/bni-juara-pelayanan-prima-disusul-bsi-bri,0.2
gem-05,7,https://bcasekuritas.co.id/latest-news/news/bank-mandiri-raih-penghargaan-indonesia-customer-experience-of-the-year,0.2143,https://cimbniaga.co.id/id/inspirasi/perencanaan/customer-service,0.1429
gem-05,8,https://bcasekuritas.co.id/latest-news/news/bank-mandiri-raih-penghargaan-indonesia-customer-experience-of-the-year,0.0,https://cimbniaga.co.id/id/inspirasi/perencanaan/customer-service,0.0
gem-05,9,https://infobankstore.com/artikel/1234/bni-juara-pelayanan-prima-disusul-bsi-bri,0.75,https://id.headtopics.com/news/18-bank-indonesia-masuk-world-s-best-banks-2026-83242143,0.25
gem-05,10,https://infobankstore.com/artikel/1234/bni-juara-pelayanan-prima-disusul-bsi-bri,0.1875,https://bca.co.id/id/tentang-bca/media-riset/pressroom/siaran-pers/2026/05/11/03/29/kembali-masuk-jajaran-worlds-best-bank-bca-jaga-konsistensi,0.0625
gem-05,11,https://akulaku.com/blog/perbandingan-bank-digital-terbaik-2026,0.25,https://infobankstore.com/artikel/1234/bni-juara-pelayanan-prima-disusul-bsi-bri,0.125
gem-05,12,https://akulaku.com/blog/perbandingan-bank-digital-terbaik-2026,1.0,https://bcasekuritas.co.id/latest-news/news/bank-mandiri-raih-penghargaan-indonesia-customer-experience-of-the-year,0.5
gem-05,13,https://cimbniaga.co.id/id/inspirasi/perencanaan/customer-service,0.1111,https://bcasekuritas.co.id/latest-news/news/bank-mandiri-raih-penghargaan-indonesia-customer-experience-of-the-year,0.0
gem-05,14,https://bcasekuritas.co.id/latest-news/news/bank-mandiri-raih-penghargaan-indonesia-customer-experience-of-the-year,0.0,https://cimbniaga.co.id/id/inspirasi/perencanaan/customer-service,0.0
gem-05,15,https://id.headtopics.com/news/18-bank-indonesia-masuk-world-s-best-banks-2026-83242143,1.0,https://akulaku.com/blog/perbandingan-bank-digital-terbaik-2026,1.0
gem-05,16,https://cimbniaga.co.id/id/inspirasi/perencanaan/customer-service,0.0833,https://akulaku.com/blog/perbandingan-bank-digital-terbaik-2026,0.0833
gem-05,17,https://bankneocommerce.co.id/id/home,0.1111,https://akulaku.com/blog/perbandingan-bank-digital-terbaik-2026,0.1111
gem-05,18,https://akulaku.com/blog/perbandingan-bank-digital-terbaik-2026,1.0,https://bcasekuritas.co.id/latest-news/news/bank-mandiri-raih-penghargaan-indonesia-customer-experience-of-the-year,0.0
gem-05,19,https://bcasekuritas.co.id/latest-news/news/bank-mandiri-raih-penghargaan-indonesia-customer-experience-of-the-year,0.0,https://cimbniaga.co.id/id/inspirasi/perencanaan/customer-service,0.0
gem-05,20,https://bcasekuritas.co.id/latest-news/news/bank-mandiri-raih-penghargaan-indonesia-customer-experience-of-the-year,0.0,https://cimbniaga.co.id/id/inspirasi/perencanaan/customer-service,0.0
gem-05,21,https://bca.co.id/id/tentang-bca/media-riset/pressroom/siaran-pers/2026/05/11/03/29/kembali-masuk-jajaran-worlds-best-bank-bca-jaga-konsistensi,0.1429,https://id.headtopics.com/news/18-bank-indonesia-masuk-world-s-best-banks-2026-83242143,0.1429
gem-05,22,https://cimbniaga.co.id/id/inspirasi/perencanaan/customer-service,0.125,https://bcasekuritas.co.id/latest-news/news/bank-mandiri-raih-penghargaan-indonesia-customer-experience-of-the-year,0.0
gem-05,23,https://akulaku.com/blog/perbandingan-bank-digital-terbaik-2026,0.2,https://bca.co.id/id/tentang-bca/media-riset/pressroom/siaran-pers/2026/05/11/03/29/kembali-masuk-jajaran-worlds-best-bank-bca-jaga-konsistensi,0.1
gem-05,24,https://id.headtopics.com/news/18-bank-indonesia-masuk-world-s-best-banks-2026-83242143,0.2727,https://bcasekuritas.co.id/latest-news/news/bank-mandiri-raih-penghargaan-indonesia-customer-experience-of-the-year,0.0909
gem-06,0,https://kawula.id/rekomendasi-bank-digital-terbaik,0.0526,https://zaipad.com/bank-digital-terbaik-di-indonesia,0.0526
gem-06,1,https://kawula.id/rekomendasi-bank-digital-terbaik,0.5,https://zaipad.com/bank-digital-terbaik-di-indonesia,0.0
gem-06,2,https://kawula.id/rekomendasi-bank-digital-terbaik,0.1667,https://fazz.com/id/newsroom/fazza/bank-digital-tanpa-biaya-admin,0.1667
gem-06,3,https://fazz.com/id/newsroom/fazza/bank-digital-tanpa-biaya-admin,1.0,https://zaipad.com/bank-digital-terbaik-di-indonesia,0.8571
gem-06,4,https://ruangkeuangan.id/personal-finance/bank-digital-terbaik,0.2857,https://akulaku.com/blog/perbandingan-bank-digital-terbaik-2026,0.2857
gem-06,5,https://zaipad.com/bank-digital-terbaik-di-indonesia,0.0909,https://akulaku.com/blog/perbandingan-bank-digital-terbaik-2026,0.0909
gem-06,6,https://zaipad.com/bank-digital-terbaik-di-indonesia,0.625,https://fazz.com/id/newsroom/fazza/bank-digital-tanpa-biaya-admin,0.625
gem-06,7,https://kawula.id/rekomendasi-bank-digital-terbaik,0.3333,https://zaipad.com/bank-digital-terbaik-di-indonesia,0.3333
gem-06,8,https://akulaku.com/blog/perbandingan-bank-digital-terbaik-2026,0.2,https://cermati.com/artikel/tabungan-pilihan-tanpa-biaya-administrasi-bulanan,0.2
gem-06,9,https://fazz.com/id/newsroom/fazza/bank-digital-tanpa-biaya-admin,0.25,https://kawula.id/rekomendasi-bank-digital-terbaik,0.125
gem-06,10,https://zaipad.com/bank-digital-terbaik-di-indonesia,0.1667,https://kawula.id/rekomendasi-bank-digital-terbaik,0.0
gem-06,11,https://kawula.id/rekomendasi-bank-digital-terbaik,0.0909,https://ruangkeuangan.id/personal-finance/bank-digital-terbaik,0.0909
gem-06,12,https://kawula.id/rekomendasi-bank-digital-terbaik,0.2857,https://akulaku.com/blog/perbandingan-bank-digital-terbaik-2026,0.2143
gem-06,13,https://bca.co.id/id/individu/produk/simpanan/tahapan-xpresi,0.2,https://kawula.id/rekomendasi-bank-digital-terbaik,0.0
gem-06,14,https://zaipad.com/bank-digital-terbaik-di-indonesia,0.1667,https://kawula.id/rekomendasi-bank-digital-terbaik,0.0833
gem-06,15,https://zaipad.com/bank-digital-terbaik-di-indonesia,0.6,https://ruangkeuangan.id/personal-finance/bank-digital-terbaik,0.3
gem-06,16,https://kawula.id/rekomendasi-bank-digital-terbaik,0.0,https://zaipad.com/bank-digital-terbaik-di-indonesia,0.0
gem-06,17,https://cermati.com/artikel/tabungan-pilihan-tanpa-biaya-administrasi-bulanan,0.2143,https://fazz.com/id/newsroom/fazza/bank-digital-tanpa-biaya-admin,0.1429
gem-06,18,https://akulaku.com/blog/perbandingan-bank-digital-terbaik-2026,0.25,https://kawula.id/rekomendasi-bank-digital-terbaik,0.0
gem-06,19,https://ruangkeuangan.id/personal-finance/bank-digital-terbaik,0.0769,https://kawula.id/rekomendasi-bank-digital-terbaik,0.0
gem-06,20,https://tirto.id/tabungan-untuk-usia-20-an-di-2026-bunga-tinggi-biaya-rendah-htS9,0.0769,https://bankmandiri.co.id/gempita-2026,0.0769
gem-06,21,https://kawula.id/rekomendasi-bank-digital-terbaik,0.0714,https://zaipad.com/bank-digital-terbaik-di-indonesia,0.0714
gem-06,22,https://kawula.id/rekomendasi-bank-digital-terbaik,0.1333,https://tirto.id/tabungan-untuk-usia-20-an-di-2026-bunga-tinggi-biaya-rendah-htS9,0.1333
gem-07,0,https://zaipad.com/bank-digital-terbaik-di-indonesia,0.4545,https://akulaku.com/blog/perbandingan-bank-digital-terbaik-2026,0.2727
gem-07,1,https://zaipad.com/bank-digital-terbaik-di-indonesia,0.75,https://akulaku.com/blog/perbandingan-bank-digital-terbaik-2026,0.25
gem-07,2,https://akulaku.com/blog/perbandingan-bank-digital-terbaik-2026,0.2,https://kawula.id/rekomendasi-bank-digital-terbaik,0.2
gem-07,3,https://kawula.id/rekomendasi-bank-digital-terbaik,0.3333,https://nexapp.co/post/tabungan-tanpa-biaya-admin-apa-saja-pilihannya-di-2025,0.3333
gem-07,4,https://kawula.id/rekomendasi-bank-digital-terbaik,0.5,https://zaipad.com/bank-digital-terbaik-di-indonesia,0.2143
gem-07,5,https://zaipad.com/bank-digital-terbaik-di-indonesia,0.4444,https://kawula.id/rekomendasi-bank-digital-terbaik,0.3333
gem-07,6,https://kawula.id/rekomendasi-bank-digital-terbaik,0.2857,https://zaipad.com/bank-digital-terbaik-di-indonesia,0.1905
gem-07,7,https://zaipad.com/bank-digital-terbaik-di-indonesia,0.1667,https://fazz.com/id/newsroom/fazza/bank-digital-tanpa-biaya-admin,0.0833
gem-07,8,https://kawula.id/rekomendasi-bank-digital-terbaik,0.2857,https://seabank.co.id/produk-layanan/digital/tabungan,0.0
gem-07,9,https://fazz.com/id/newsroom/fazza/bank-digital-tanpa-biaya-admin,0.2,https://akulaku.com/blog/perbandingan-bank-digital-terbaik-2026,0.2
gem-07,10,https://fazz.com/id/newsroom/fazza/bank-digital-tanpa-biaya-admin,0.2,https://akulaku.com/blog/perbandingan-bank-digital-terbaik-2026,0.2
gem-07,11,https://zaipad.com/bank-digital-terbaik-di-indonesia,0.2632,https://fazz.com/id/newsroom/fazza/bank-tanpa-biaya-admin,0.2632
gem-07,12,https://kawula.id/rekomendasi-bank-digital-terbaik,0.2353,https://fazz.com/id/newsroom/fazza/bank-digital-tanpa-biaya-admin,0.1176
gem-07,13,https://kawula.id/rekomendasi-bank-digital-terbaik,0.3636,https://zaipad.com/bank-digital-terbaik-di-indonesia,0.2727
gem-07,14,https://fazz.com/id/newsroom/fazza/bank-digital-tanpa-biaya-admin,0.3333,https://seabank.co.id/produk-layanan/digital/tabungan,0.0
gem-07,15,https://kawula.id/rekomendasi-bank-digital-terbaik,0.2,https://zaipad.com/bank-digital-terbaik-di-indonesia,0.2
gem-07,16,https://akulaku.com/blog/perbandingan-bank-digital-terbaik-2026,0.1818,https://kawula.id/rekomendasi-bank-digital-terbaik,0.1364
gem-08,0,https://fazz.com/id/newsroom/fazza/bank-terbaik-di-indonesia,0.3333,https://akulaku.com/blog/perbandingan-bank-digital-terbaik-2026,0.1111
gem-08,1,https://fazz.com/id/newsroom/fazza/bank-terbaik-di-indonesia,0.3333,https://id.tradingview.com/news/kontan:d3ec5f43287ea:0,0.1667
gem-08,2,https://id.tradingview.com/news/kontan:d3ec5f43287ea:0,0.1111,https://bca.co.id/id/tentang-bca/media-riset/pressroom/siaran-pers/2026/05/11/03/29/kembali-masuk-jajaran-worlds-best-bank-bca-jaga-konsistensi,0.1111
gem-08,3,https://fazz.com/id/newsroom/fazza/bank-terbaik-di-indonesia,0.1667,https://akulaku.com/blog/perbandingan-bank-digital-terbaik-2026,0.1667
gem-08,4,https://fazz.com/id/newsroom/fazza/bank-terbaik-di-indonesia,0.0,https://keuangan.kontan.co.id/news/adu-kinerja-10-bank-besar-ini-bank-dengan-pertumbuhan-laba-tertinggi-di-semester-i,0.0
gem-08,5,https://fazz.com/id/newsroom/fazza/bank-terbaik-di-indonesia,0.0,https://keuangan.kontan.co.id/news/adu-kinerja-10-bank-besar-ini-bank-dengan-pertumbuhan-laba-tertinggi-di-semester-i,0.0
gem-08,6,https://fazz.com/id/newsroom/fazza/bank-terbaik-di-indonesia,0.6364,https://keuangan.kontan.co.id/news/adu-kinerja-10-bank-besar-ini-bank-dengan-pertumbuhan-laba-tertinggi-di-semester-i,0.0909
gem-08,7,https://fazz.com/id/newsroom/fazza/bank-terbaik-di-indonesia,0.0,https://keuangan.kontan.co.id/news/adu-kinerja-10-bank-besar-ini-bank-dengan-pertumbuhan-laba-tertinggi-di-semester-i,0.0
gem-08,8,https://fazz.com/id/newsroom/fazza/bank-terbaik-di-indonesia,0.2,https://id.tradingview.com/news/kontan:d3ec5f43287ea:0,0.1
gem-08,9,https://fazz.com/id/newsroom/fazza/bank-terbaik-di-indonesia,0.0,https://keuangan.kontan.co.id/news/adu-kinerja-10-bank-besar-ini-bank-dengan-pertumbuhan-laba-tertinggi-di-semester-i,0.0
gem-08,10,https://fazz.com/id/newsroom/fazza/bank-terbaik-di-indonesia,0.2857,https://id.tradingview.com/news/kontan:d3ec5f43287ea:0,0.1429
gem-08,11,https://fazz.com/id/newsroom/fazza/bank-terbaik-di-indonesia,0.0,https://keuangan.kontan.co.id/news/adu-kinerja-10-bank-besar-ini-bank-dengan-pertumbuhan-laba-tertinggi-di-semester-i,0.0
gem-08,12,https://fazz.com/id/newsroom/fazza/bank-terbaik-di-indonesia,0.4,https://id.tradingview.com/news/kontan:d3ec5f43287ea:0,0.3
gem-08,13,https://fazz.com/id/newsroom/fazza/bank-terbaik-di-indonesia,0.0,https://keuangan.kontan.co.id/news/adu-kinerja-10-bank-besar-ini-bank-dengan-pertumbuhan-laba-tertinggi-di-semester-i,0.0
gem-08,14,https://fazz.com/id/newsroom/fazza/bank-terbaik-di-indonesia,0.1429,https://id.tradingview.com/news/kontan:d3ec5f43287ea:0,0.1429
gem-08,15,https://fazz.com/id/newsroom/fazza/bank-terbaik-di-indonesia,0.4762,https://id.tradingview.com/news/kontan:d3ec5f43287ea:0,0.1905
gem-08,16,https://fazz.com/id/newsroom/fazza/bank-terbaik-di-indonesia,0.2857,https://akulaku.com/blog/perbandingan-bank-digital-terbaik-2026,0.0952
gem-08,17,https://fazz.com/id/newsroom/fazza/bank-terbaik-di-indonesia,0.0,https://keuangan.kontan.co.id/news/adu-kinerja-10-bank-besar-ini-bank-dengan-pertumbuhan-laba-tertinggi-di-semester-i,0.0
gem-09,0,https://duwitmu.com/tabungan/mybca-vs-livin-by-mandiri,0.3125,https://dorangadget.com/beda-mybca-dan-bca-mobile,0.125
gem-09,1,https://dorangadget.com/beda-mybca-dan-bca-mobile,0.5,https://duwitmu.com/tabungan/mybca-vs-livin-by-mandiri,0.0
gem-09,2,https://duwitmu.com/tabungan/mybca-vs-livin-by-mandiri,0.3333,https://dorangadget.com/beda-mybca-dan-bca-mobile,0.1667
gem-09,3,https://techfin.id/keuangan/super-app-bank-terbaik-2025,0.3333,https://duwitmu.com/tabungan/mybca-vs-livin-by-mandiri,0.1667
gem-09,4,https://duwitmu.com/tabungan/mybca-vs-livin-by-mandiri,0.0,https://dorangadget.com/beda-mybca-dan-bca-mobile,0.0
gem-09,5,https://techfin.id/keuangan/super-app-bank-terbaik-2025,0.6,https://duwitmu.com/tabungan/mybca-vs-livin-by-mandiri,0.4
gem-09,6,https://duwitmu.com/tabungan/mybca-vs-livin-by-mandiri,0.2857,https://zaipad.com/bank-digital-terbaik-di-indonesia,0.1429
gem-09,7,https://duwitmu.com/tabungan/mybca-vs-livin-by-mandiri,0.0,https://dorangadget.com/beda-mybca-dan-bca-mobile,0.0
gem-09,8,https://duwitmu.com/tabungan/mybca-vs-livin-by-mandiri,0.1429,https://dorangadget.com/beda-mybca-dan-bca-mobile,0.1429
gem-09,9,https://duwitmu.com/tabungan/mybca-vs-livin-by-mandiri,0.0,https://dorangadget.com/beda-mybca-dan-bca-mobile,0.0
gem-09,10,https://akulaku.com/blog/perbandingan-bank-digital-terbaik-2026,0.1429,https://duwitmu.com/tabungan/mybca-vs-livin-by-mandiri,0.0
gem-09,11,https://techfin.id/keuangan/super-app-bank-terbaik-2025,0.1111,https://akulaku.com/blog/perbandingan-bank-digital-terbaik-2026,0.1111
gem-09,12,https://duwitmu.com/tabungan/mybca-vs-livin-by-mandiri,0.0556,https://digitaltransformation.co.id/daftar-bank-digital-indonesia,0.0556
gem-09,13,https://akulaku.com/blog/perbandingan-bank-digital-terbaik-2026,0.0625,https://duwitmu.com/tabungan/mybca-vs-livin-by-mandiri,0.0
gem-09,14,https://akulaku.com/blog/perbandingan-bank-digital-terbaik-2026,1.0,https://dorangadget.com/beda-mybca-dan-bca-mobile,0.5
gem-09,15,https://duwitmu.com/tabungan/mybca-vs-livin-by-mandiri,0.1111,https://techfin.id/keuangan/super-app-bank-terbaik-2025,0.1111
gem-09,16,https://duwitmu.com/tabungan/mybca-vs-livin-by-mandiri,0.2222,https://invesnesia.com/bank-digital-terbaik-di-indonesia,0.1111
gem-10,0,https://akulaku.com/blog/perbandingan-bank-digital-terbaik-2026,0.1667,https://kawula.id/rekomendasi-bank-digital-terbaik,0.1667
gem-10,1,https://seabank.co.id/produk-layanan/digital/tabungan,0.0,https://akulaku.com/blog/perbandingan-bank-digital-terbaik-2026,0.0
gem-10,2,https://ruangkeuangan.id/personal-finance/bank-digital-terbaik,0.6667,https://akulaku.com/blog/perbandingan-bank-digital-terbaik-2026,0.3333
gem-10,3,https://kawula.id/rekomendasi-bank-digital-terbaik,0.4286,https://akulaku.com/blog/perbandingan-bank-digital-terbaik-2026,0.2857
gem-10,4,https://seabank.co.id/produk-layanan/digital/tabungan,0.1429,https://akulaku.com/blog/perbandingan-bank-digital-terbaik-2026,0.0
gem-10,5,https://tirto.id/tabungan-untuk-usia-20-an-di-2026-bunga-tinggi-biaya-rendah-htS9,0.1667,https://seabank.co.id/produk-layanan/digital/tabungan,0.0
gem-10,6,https://fazz.com/id/newsroom/fazza/daftar-bank-digital-dengan-bunga-tertinggi-2026,0.2857,https://zaipad.com/bank-digital-terbaik-di-indonesia,0.2857
gem-10,7,https://seabank.co.id/produk-layanan/digital/tabungan,0.0,https://akulaku.com/blog/perbandingan-bank-digital-terbaik-2026,0.0
gem-10,8,https://akulaku.com/blog/perbandingan-bank-digital-terbaik-2026,0.5,https://fazz.com/id/newsroom/fazza/daftar-bank-digital-dengan-bunga-tertinggi-2026,0.5
gem-10,9,https://kawula.id/rekomendasi-bank-digital-terbaik,0.2308,https://tirto.id/tabungan-untuk-usia-20-an-di-2026-bunga-tinggi-biaya-rendah-htS9,0.1538
gem-10,10,https://akulaku.com/blog/perbandingan-bank-digital-terbaik-2026,0.1429,https://fazz.com/id/newsroom/fazza/daftar-bank-digital-dengan-bunga-tertinggi-2026,0.0714
gem-10,11,https://akulaku.com/blog/perbandingan-bank-digital-terbaik-2026,0.1111,https://fazz.com/id/newsroom/fazza/daftar-bank-digital-dengan-bunga-tertinggi-2026,0.1111
gem-10,12,https://zaipad.com/bank-digital-terbaik-di-indonesia,0.2,https://seabank.co.id/produk-layanan/digital/tabungan,0.0
gem-10,13,https://akulaku.com/blog/perbandingan-bank-digital-terbaik-2026,1.0,https://kawula.id/rekomendasi-bank-digital-terbaik,0.5
gem-10,14,https://tirto.id/tabungan-untuk-usia-20-an-di-2026-bunga-tinggi-biaya-rendah-htS9,0.1667,https://fazz.com/id/newsroom/fazza/daftar-bank-digital-dengan-bunga-tertinggi-2026,0.1111
gem-10,15,https://zaipad.com/bank-digital-terbaik-di-indonesia,0.1,https://ruangkeuangan.id/personal-finance/bank-digital-terbaik,0.1
gem-11,0,https://hokibank.co.id/bank-digital-apakah-aman-ini-jawaban-solusinya,0.3793,https://akulaku.com/blog/perbandingan-bank-digital-terbaik-2026,0.3448
gem-11,1,https://hokibank.co.id/bank-digital-apakah-aman-ini-jawaban-solusinya,0.1429,https://finance.detik.com/moneter/d-8048383/nabung-di-bank-digital-aman-dijamin-lps,0.0
gem-11,2,https://finance.detik.com/moneter/d-8048383/nabung-di-bank-digital-aman-dijamin-lps,0.0,https://hokibank.co.id/bank-digital-apakah-aman-ini-jawaban-solusinya,0.0
gem-11,3,https://vida.id/id/blog/bank-digital-terbaik,0.6,https://finance.detik.com/moneter/d-8048383/nabung-di-bank-digital-aman-dijamin-lps,0.4
gem-11,4,https://zaipad.com/bank-digital-terbaik-di-indonesia,0.3043,https://fazz.com/id/newsroom/fazza/daftar-bank-digital-dengan-bunga-tertinggi-2026,0.1739
gem-11,5,https://vida.id/id/blog/bank-digital-terbaik,0.0385,https://finance.detik.com/moneter/d-8048383/nabung-di-bank-digital-aman-dijamin-lps,0.0
gem-11,6,https://finance.detik.com/moneter/d-8048383/nabung-di-bank-digital-aman-dijamin-lps,0.0,https://hokibank.co.id/bank-digital-apakah-aman-ini-jawaban-solusinya,0.0
gem-11,7,https://vida.id/id/blog/bank-digital-terbaik,0.1429,https://hokibank.co.id/bank-digital-apakah-aman-ini-jawaban-solusinya,0.0952
gem-11,8,https://akulaku.com/blog/perbandingan-bank-digital-terbaik-2026,0.5,https://finance.detik.com/moneter/d-8048383/nabung-di-bank-digital-aman-dijamin-lps,0.0
gem-11,9,https://hokibank.co.id/bank-digital-apakah-aman-ini-jawaban-solusinya,0.0833,https://akulaku.com/blog/perbandingan-bank-digital-terbaik-2026,0.0833
gem-11,10,https://finance.detik.com/moneter/d-8048383/nabung-di-bank-digital-aman-dijamin-lps,0.1429,https://akulaku.com/blog/perbandingan-bank-digital-terbaik-2026,0.1429
gem-12,0,https://infobankstore.com/artikel/1234/bni-juara-pelayanan-prima-disusul-bsi-bri,0.3158,https://invesnesia.com/bank-digital-terbaik-di-indonesia,0.2105
gem-12,1,https://fazz.com/id/newsroom/fazza/bank-terbaik-di-indonesia,0.2,https://bni.co.id/id-id/individu/simpanan/bni-taplus,0.0
gem-12,2,https://akulaku.com/blog/perbandingan-bank-digital-terbaik-2026,0.3333,https://zaipad.com/bank-digital-terbaik-di-indonesia,0.3333
gem-12,3,https://bri.co.id/britama,0.2,https://infobankstore.com/artikel/1234/bni-juara-pelayanan-prima-disusul-bsi-bri,0.2
gem-12,4,https://akulaku.com/blog/perbandingan-bank-digital-terbaik-2026,0.2,https://zaipad.com/bank-digital-terbaik-di-indonesia,0.2
gem-12,5,https://akulaku.com/blog/perbandingan-bank-digital-terbaik-2026,0.0667,https://bni.co.id/id-id/individu/simpanan/bni-taplus,0.0
gem-12,6,https://infobankstore.com/artikel/1234/bni-juara-pelayanan-prima-disusul-bsi-bri,0.125,https://cermati.com/artikel/tabungan-pilihan-tanpa-biaya-administrasi-bulanan,0.125
gem-12,7,https://bni.co.id/id-id/individu/simpanan/bni-taplus,0.3333,https://cermati.com/artikel/tabungan-pilihan-tanpa-biaya-administrasi-bulanan,0.3333
gem-12,8,https://bni.co.id/id-id/individu/simpanan/bni-taplus,0.0,https://bri.co.id/britama,0.0
gem-12,9,https://cermati.com/artikel/tabungan-pilihan-tanpa-biaya-administrasi-bulanan,0.3333,https://bni.co.id/id-id/individu/simpanan/bni-taplus,0.1667
gem-12,10,https://infobankstore.com/artikel/1234/bni-juara-pelayanan-prima-disusul-bsi-bri,0.6667,https://invesnesia.com/bank-digital-terbaik-di-indonesia,0.3333
gem-12,11,https://zaipad.com/bank-digital-terbaik-di-indonesia,0.1579,https://cermati.com/artikel/tabungan-pilihan-tanpa-biaya-administrasi-bulanan,0.1053
gem-12,12,https://bni.co.id/id-id/individu/simpanan/bni-taplus,0.0,https://bri.co.id/britama,0.0
gem-12,13,https://bni.co.id/id-id/individu/simpanan/bni-taplus,0.0,https://bri.co.id/britama,0.0
gem-12,14,https://cermati.com/artikel/tabungan-pilihan-tanpa-biaya-administrasi-bulanan,0.1667,https://bni.co.id/id-id/individu/simpanan/bni-taplus,0.0833
gem-12,15,https://cermati.com/artikel/tabungan-pilihan-tanpa-biaya-administrasi-bulanan,0.2,https://bni.co.id/id-id/individu/simpanan/bni-taplus,0.1
gem-12,16,https://akulaku.com/blog/perbandingan-bank-digital-terbaik-2026,1.0,https://zaipad.com/bank-digital-terbaik-di-indonesia,0.5
gem-12,17,https://cermati.com/artikel/tabungan-pilihan-tanpa-biaya-administrasi-bulanan,0.1579,https://infobankstore.com/artikel/1234/bni-juara-pelayanan-prima-disusul-bsi-bri,0.1053
gem-12,18,https://bri.co.id/britama,0.1053,https://akulaku.com/blog/perbandingan-bank-digital-terbaik-2026,0.1053
gem-13,0,https://money.kompas.com/read/2025/05/18/124912126/daftar-8-bank-digital-tanpa-biaya-admin-bulanan-cek-keunggulannya?page=all,0.1481,https://idntimes.com/tech/trend/7-bank-digital-tawarkan-gratis-biaya-transfer-tanpa-syarat-minimum-01-w8826-59vr2g,0.1481
gem-13,1,https://idntimes.com/tech/trend/7-bank-digital-tawarkan-gratis-biaya-transfer-tanpa-syarat-minimum-01-w8826-59vr2g,1.0,https://jago.com/id/blog/jenis-kantong-jago,1.0
gem-13,2,https://money.kompas.com/read/2025/05/18/124912126/daftar-8-bank-digital-tanpa-biaya-admin-bulanan-cek-keunggulannya?page=all,0.25,https://flip.id/id/blog/daftar-bank-yang-bisa-buka-rekening-online-bebas-setoran-awal,0.25
gem-13,3,https://money.kompas.com/read/2025/05/18/124912126/daftar-8-bank-digital-tanpa-biaya-admin-bulanan-cek-keunggulannya?page=all,0.2,https://flip.id/id/blog/daftar-bank-yang-bisa-buka-rekening-online-bebas-setoran-awal,0.2
gem-13,4,https://money.kompas.com/read/2025/05/18/124912126/daftar-8-bank-digital-tanpa-biaya-admin-bulanan-cek-keunggulannya?page=all,0.2,https://jago.com/id/jago/digital/pocket/saving-and-spending,0.2
gem-13,5,https://flip.id/id/blog/daftar-bank-yang-bisa-buka-rekening-online-bebas-setoran-awal,0.1667,https://jago.com/id/blog/jenis-kantong-jago,0.1667
gem-13,6,https://jago.com/id/blog/jenis-kantong-jago,0.2857,https://jago.com/id/jago/digital/pocket/saving-and-spending,0.2857
gem-13,7,https://money.kompas.com/read/2025/05/18/124912126/daftar-8-bank-digital-tanpa-biaya-admin-bulanan-cek-keunggulannya?page=all,0.3333,https://idntimes.com/tech/trend/7-bank-digital-tawarkan-gratis-biaya-transfer-tanpa-syarat-minimum-01-w8826-59vr2g,0.3333
gem-13,8,https://idntimes.com/tech/trend/7-bank-digital-tawarkan-gratis-biaya-transfer-tanpa-syarat-minimum-01-w8826-59vr2g,0.4,https://kawula.id/rekomendasi-bank-digital-terbaik,0.4
gem-13,9,https://zaipad.com/bank-digital-terbaik-di-indonesia,0.1111,https://money.kompas.com/read/2025/05/18/124912126/daftar-8-bank-digital-tanpa-biaya-admin-bulanan-cek-keunggulannya?page=all,0.0
gem-13,10,https://money.kompas.com/read/2025/05/18/124912126/daftar-8-bank-digital-tanpa-biaya-admin-bulanan-cek-keunggulannya?page=all,1.0,https://idntimes.com/tech/trend/7-bank-digital-tawarkan-gratis-biaya-transfer-tanpa-syarat-minimum-01-w8826-59vr2g,1.0
gem-13,11,https://money.kompas.com/read/2025/05/18/124912126/daftar-8-bank-digital-tanpa-biaya-admin-bulanan-cek-keunggulannya?page=all,0.0,https://idntimes.com/tech/trend/7-bank-digital-tawarkan-gratis-biaya-transfer-tanpa-syarat-minimum-01-w8826-59vr2g,0.0
gem-13,12,https://money.kompas.com/read/2025/05/18/124912126/daftar-8-bank-digital-tanpa-biaya-admin-bulanan-cek-keunggulannya?page=all,1.0,https://flip.id/id/blog/daftar-bank-yang-bisa-buka-rekening-online-bebas-setoran-awal,1.0
gem-13,13,https://money.kompas.com/read/2025/05/18/124912126/daftar-8-bank-digital-tanpa-biaya-admin-bulanan-cek-keunggulannya?page=all,0.1,https://jago.com/id/blog/jenis-kantong-jago,0.1
gem-13,14,https://flip.id/id/blog/daftar-bank-yang-bisa-buka-rekening-online-bebas-setoran-awal,0.2,https://money.kompas.com/read/2025/05/18/124912126/daftar-8-bank-digital-tanpa-biaya-admin-bulanan-cek-keunggulannya?page=all,0.0
gem-13,15,https://money.kompas.com/read/2025/05/18/124912126/daftar-8-bank-digital-tanpa-biaya-admin-bulanan-cek-keunggulannya?page=all,0.5,https://idntimes.com/tech/trend/7-bank-digital-tawarkan-gratis-biaya-transfer-tanpa-syarat-minimum-01-w8826-59vr2g,0.5
gem-13,16,https://idntimes.com/tech/trend/7-bank-digital-tawarkan-gratis-biaya-transfer-tanpa-syarat-minimum-01-w8826-59vr2g,0.2,https://kawula.id/rekomendasi-bank-digital-terbaik,0.2
gem-13,17,https://money.kompas.com/read/2025/05/18/124912126/daftar-8-bank-digital-tanpa-biaya-admin-bulanan-cek-keunggulannya?page=all,0.0,https://idntimes.com/tech/trend/7-bank-digital-tawarkan-gratis-biaya-transfer-tanpa-syarat-minimum-01-w8826-59vr2g,0.0
gem-13,18,https://zaipad.com/bank-digital-terbaik-di-indonesia,1.0,https://money.kompas.com/read/2025/05/18/124912126/daftar-8-bank-digital-tanpa-biaya-admin-bulanan-cek-keunggulannya?page=all,0.0
gem-13,19,https://kawula.id/rekomendasi-bank-digital-terbaik,0.25,https://flip.id/id/blog/daftar-bank-yang-bisa-buka-rekening-online-bebas-setoran-awal,0.0833
gem-13,20,https://jago.com/id/jago/rates,0.1667,https://zaipad.com/bank-digital-terbaik-di-indonesia,0.1667
gem-13,21,https://money.kompas.com/read/2025/05/18/124912126/daftar-8-bank-digital-tanpa-biaya-admin-bulanan-cek-keunggulannya?page=all,0.1,https://jago.com/id/jago/support/faq/menggunakan-jago/kantong/tentang-kantong-tidak-aktif-dan-dormant,0.1
gem-13,22,https://money.kompas.com/read/2025/05/18/124912126/daftar-8-bank-digital-tanpa-biaya-admin-bulanan-cek-keunggulannya?page=all,0.0,https://idntimes.com/tech/trend/7-bank-digital-tawarkan-gratis-biaya-transfer-tanpa-syarat-minimum-01-w8826-59vr2g,0.0
gem-13,23,https://jago.com/id/blog/jenis-kantong-jago,0.0833,https://jago.com/id/jago/rates,0.0833
gem-13,24,https://money.kompas.com/read/2025/05/18/124912126/daftar-8-bank-digital-tanpa-biaya-admin-bulanan-cek-keunggulannya?page=all,0.0,https://idntimes.com/tech/trend/7-bank-digital-tawarkan-gratis-biaya-transfer-tanpa-syarat-minimum-01-w8826-59vr2g,0.0
gem-13,25,https://money.kompas.com/read/2025/05/18/124912126/daftar-8-bank-digital-tanpa-biaya-admin-bulanan-cek-keunggulannya?page=all,0.0,https://idntimes.com/tech/trend/7-bank-digital-tawarkan-gratis-biaya-transfer-tanpa-syarat-minimum-01-w8826-59vr2g,0.0
gem-13,26,https://jago.com/id/blog/jenis-kantong-jago,0.1818,https://jago.com/id/jago/rates,0.0909
gem-14,0,https://kawula.id/rekomendasi-bank-digital-terbaik,0.1765,https://fazz.com/id/newsroom/fazza/top-up-e-wallet-gratis,0.1765
gem-14,1,https://kawula.id/rekomendasi-bank-digital-terbaik,0.2,https://fazz.com/id/newsroom/fazza/top-up-e-wallet-gratis,0.2
gem-14,2,https://kawula.id/rekomendasi-bank-digital-terbaik,0.3571,https://fazz.com/id/newsroom/fazza/top-up-e-wallet-gratis,0.2857
gem-14,3,https://kawula.id/rekomendasi-bank-digital-terbaik,1.0,https://fazz.com/id/newsroom/fazza/top-up-e-wallet-gratis,0.5
gem-14,4,https://fazz.com/id/newsroom/fazza/top-up-e-wallet-gratis,0.2222,https://nobugo.nobubank.com/blog/bank-digital-tanpa-biaya-admin,0.2222
gem-14,5,https://nobugo.nobubank.com/blog/bank-digital-tanpa-biaya-admin,0.1,https://kawula.id/rekomendasi-bank-digital-terbaik,0.0
gem-14,6,https://zaipad.com/bank-digital-terbaik-di-indonesia,0.1111,https://akulaku.com/blog/perbandingan-bank-digital-terbaik-2026,0.1111
gem-14,7,https://kawula.id/rekomendasi-bank-digital-terbaik,0.3333,https://zaipad.com/bank-digital-terbaik-di-indonesia,0.3333
gem-14,8,https://kawula.id/rekomendasi-bank-digital-terbaik,0.1667,https://fazz.com/id/newsroom/fazza/top-up-e-wallet-gratis,0.1667
gem-14,9,https://kawula.id/rekomendasi-bank-digital-terbaik,0.125,https://fazz.com/id/newsroom/fazza/top-up-e-wallet-gratis,0.125
gem-14,10,https://fazz.com/id/newsroom/fazza/top-up-e-wallet-gratis,0.1,https://nobugo.nobubank.com/blog/bank-digital-tanpa-biaya-admin,0.1
gem-14,11,https://kawula.id/rekomendasi-bank-digital-terbaik,0.0,https://fazz.com/id/newsroom/fazza/top-up-e-wallet-gratis,0.0
gem-14,12,https://kawula.id/rekomendasi-bank-digital-terbaik,0.5,https://fazz.com/id/newsroom/fazza/bank-digital-tanpa-biaya-admin,0.5
gem-14,13,https://kawula.id/rekomendasi-bank-digital-terbaik,0.25,https://fazz.com/id/newsroom/fazza/top-up-e-wallet-gratis,0.25
gem-14,14,https://kawula.id/rekomendasi-bank-digital-terbaik,0.0,https://fazz.com/id/newsroom/fazza/top-up-e-wallet-gratis,0.0
gem-14,15,https://akulaku.com/blog/perbandingan-bank-digital-terbaik-2026,0.0909,https://kawula.id/rekomendasi-bank-digital-terbaik,0.0
gem-14,16,https://dorangadget.com/beda-mybca-dan-bca-mobile,0.1667,https://kawula.id/rekomendasi-bank-digital-terbaik,0.0
gem-14,17,https://kawula.id/rekomendasi-bank-digital-terbaik,0.2,https://fazz.com/id/newsroom/fazza/top-up-e-wallet-gratis,0.2
gem-14,18,https://kawula.id/rekomendasi-bank-digital-terbaik,0.0,https://fazz.com/id/newsroom/fazza/top-up-e-wallet-gratis,0.0
gem-14,19,https://kawula.id/rekomendasi-bank-digital-terbaik,0.0,https://fazz.com/id/newsroom/fazza/top-up-e-wallet-gratis,0.0
gem-14,20,https://kawula.id/rekomendasi-bank-digital-terbaik,0.5,https://akulaku.com/blog/perbandingan-bank-digital-terbaik-2026,0.5
gem-14,21,https://fazz.com/id/newsroom/fazza/top-up-e-wallet-gratis,0.3333,https://kawula.id/rekomendasi-bank-digital-terbaik,0.1667
gem-14,22,https://kawula.id/rekomendasi-bank-digital-terbaik,0.25,https://zaipad.com/bank-digital-terbaik-di-indonesia,0.25
gem-14,23,https://fazz.com/id/newsroom/fazza/top-up-e-wallet-gratis,0.3529,https://nobugo.nobubank.com/blog/bank-digital-tanpa-biaya-admin,0.3529
gem-14,24,https://kawula.id/rekomendasi-bank-digital-terbaik,0.0,https://fazz.com/id/newsroom/fazza/top-up-e-wallet-gratis,0.0
gem-14,25,https://kawula.id/rekomendasi-bank-digital-terbaik,0.6667,https://fazz.com/id/newsroom/fazza/bank-digital-tanpa-biaya-admin,0.6667
gem-14,26,https://akulaku.com/blog/perbandingan-bank-digital-terbaik-2026,0.1,https://fazz.com/id/newsroom/fazza/bank-digital-tanpa-biaya-admin,0.05
gem-15,0,https://fazz.com/id/newsroom/fazza/deposito-bank-jago,0.1905,https://jago.com/id/product-and-services,0.0476
gem-15,1,https://fazz.com/id/newsroom/fazza/deposito-bank-jago,0.1429,https://zaipad.com/simulasi-deposito-seabank,0.0
gem-15,2,https://zaipad.com/simulasi-deposito-seabank,1.0,https://journalarta.com/news/2026/07/14/cara-buka-deposito-seabank-online,1.0
gem-15,3,https://zaipad.com/simulasi-deposito-seabank,0.0,https://journalarta.com/news/2026/07/14/cara-buka-deposito-seabank-online,0.0
gem-15,4,https://fazz.com/id/newsroom/fazza/deposito-bank-jago,0.1667,https://zaipad.com/simulasi-deposito-seabank,0.0
gem-15,5,https://zaipad.com/simulasi-deposito-seabank,0.0,https://journalarta.com/news/2026/07/14/cara-buka-deposito-seabank-online,0.0
gem-15,6,https://zaipad.com/simulasi-deposito-seabank,0.0,https://journalarta.com/news/2026/07/14/cara-buka-deposito-seabank-online,0.0
gem-15,7,https://zaipad.com/simulasi-deposito-seabank,0.1111,https://journalarta.com/news/2026/07/14/cara-buka-deposito-seabank-online,0.1111
gem-15,8,https://zaipad.com/simulasi-deposito-seabank,0.125,https://journalarta.com/news/2026/07/14/cara-buka-deposito-seabank-online,0.125
gem-15,9,https://zaipad.com/simulasi-deposito-seabank,0.5,https://fazz.com/id/newsroom/fazza/deposito-bank-jago,0.5
gem-15,10,https://journalarta.com/news/2026/07/14/cara-buka-deposito-seabank-online,1.0,https://jago.com/id/product-and-services,1.0
gem-15,11,https://zaipad.com/simulasi-deposito-seabank,0.0,https://journalarta.com/news/2026/07/14/cara-buka-deposito-seabank-online,0.0
gem-15,12,https://zaipad.com/simulasi-deposito-seabank,0.0,https://journalarta.com/news/2026/07/14/cara-buka-deposito-seabank-online,0.0
gem-15,13,https://zaipad.com/simulasi-deposito-seabank,1.0,https://journalarta.com/news/2026/07/14/cara-buka-deposito-seabank-online,1.0
gem-15,14,https://fazz.com/id/newsroom/fazza/deposito-bank-jago,0.3333,https://zaipad.com/review-krom-bank,0.1667
gem-15,15,https://jago.com/id/product-and-services,0.2,https://zaipad.com/simulasi-deposito-seabank,0.1
gem-15,16,https://zaipad.com/simulasi-deposito-seabank,0.1538,https://fazz.com/id/newsroom/fazza/deposito-bank-jago,0.1538
gem-15,17,https://zaipad.com/review-krom-bank,0.1111,https://zaipad.com/simulasi-deposito-seabank,0.0
gem-15,18,https://zaipad.com/simulasi-deposito-seabank,0.0,https://journalarta.com/news/2026/07/14/cara-buka-deposito-seabank-online,0.0
gem-15,19,https://fazz.com/id/newsroom/fazza/deposito-bank-jago,0.125,https://zaipad.com/simulasi-deposito-seabank,0.0
gem-15,20,https://fazz.com/id/newsroom/fazza/deposito-bank-jago,0.125,https://jago.com/id/product-and-services,0.125
gem-15,21,https://fazz.com/id/newsroom/fazza/deposito-bank-jago,0.1429,https://zaipad.com/simulasi-deposito-seabank,0.0
gem-15,22,https://fazz.com/id/newsroom/fazza/deposito-bank-jago,1.0,https://jago.com/id/product-and-services,1.0
gem-15,23,https://fazz.com/id/newsroom/fazza/deposito-bank-jago,0.5,https://zaipad.com/review-krom-bank,0.25
gem-15,24,https://fazz.com/id/newsroom/fazza/deposito-bank-jago,0.2,https://jago.com/id/product-and-services,0.1
gem-15,25,https://fazz.com/id/newsroom/fazza/deposito-bank-jago,0.1429,https://zaipad.com/simulasi-deposito-seabank,0.0
gem-15,26,https://zaipad.com/simulasi-deposito-seabank,0.2,https://fazz.com/id/newsroom/fazza/deposito-bank-jago,0.2
gem-15,27,https://fazz.com/id/newsroom/fazza/deposito-bank-jago,0.3333,https://jago.com/id/product-and-services,0.3333
gem-15,28,https://zaipad.com/review-krom-bank,0.5,https://zaipad.com/simulasi-deposito-seabank,0.25
gem-15,29,https://fazz.com/id/newsroom/fazza/deposito-bank-jago,0.5,https://journalarta.com/news/2026/07/14/cara-buka-deposito-seabank-online,0.1667
gem-15,30,https://zaipad.com/review-krom-bank,0.25,https://finance.detik.com/moneter/d-8048383/nabung-di-bank-digital-aman-dijamin-lps,0.25
gem-15,31,https://zaipad.com/simulasi-deposito-seabank,0.2,https://journalarta.com/news/2026/07/14/cara-buka-deposito-seabank-online,0.0
gem-15,32,https://zaipad.com/simulasi-deposito-seabank,0.125,https://jago.com/id/product-and-services,0.125
gem-15,33,https://zaipad.com/simulasi-deposito-seabank,0.0,https://journalarta.com/news/2026/07/14/cara-buka-deposito-seabank-online,0.0
gem-15,34,https://zaipad.com/simulasi-deposito-seabank,0.375,https://journalarta.com/news/2026/07/14/cara-buka-deposito-seabank-online,0.125
gem-15,35,https://keuangan.kontan.co.id/news/bunga-deposito-krom-bank-masih-8-meski-mulai-turun-secara-bertahap,0.25,https://zaipad.com/simulasi-deposito-seabank,0.125
gem-15,36,https://jago.com/id/product-and-services,0.2667,https://journalarta.com/news/2026/07/14/cara-buka-deposito-seabank-online,0.0667
gem-16,0,https://investortrust.id/financial/5075/punya-1112-kantor-bsi-masuk-jajaran-lima-besar-bank-dengan-kantor-terbanyak,0.0385,https://keuangan.kontan.co.id/news/kantor-cabang-bank-menyusut-di-tengah-percepatan-digitalisasi,0.0385
gem-16,1,https://fazz.com/id/newsroom/fazza/bank-terbaik-di-indonesia,0.4,https://investortrust.id/financial/5075/punya-1112-kantor-bsi-masuk-jajaran-lima-besar-bank-dengan-kantor-terbanyak,0.0
gem-16,2,https://fazz.com/id/newsroom/fazza/bank-terbaik-di-indonesia,0.4,https://investortrust.id/financial/5075/punya-1112-kantor-bsi-masuk-jajaran-lima-besar-bank-dengan-kantor-terbanyak,0.0
gem-16,3,https://investortrust.id/financial/5075/punya-1112-kantor-bsi-masuk-jajaran-lima-besar-bank-dengan-kantor-terbanyak,0.0,https://keuangan.kontan.co.id/news/kantor-cabang-bank-menyusut-di-tengah-percepatan-digitalisasi,0.0
gem-16,4,https://investortrust.id/financial/5075/punya-1112-kantor-bsi-masuk-jajaran-lima-besar-bank-dengan-kantor-terbanyak,0.1,https://keuangan.kontan.co.id/news/kantor-cabang-bank-menyusut-di-tengah-percepatan-digitalisasi,0.1
gem-16,5,https://investortrust.id/financial/5075/punya-1112-kantor-bsi-masuk-jajaran-lima-besar-bank-dengan-kantor-terbanyak,0.0,https://keuangan.kontan.co.id/news/kantor-cabang-bank-menyusut-di-tengah-percepatan-digitalisasi,0.0
gem-16,6,https://fazz.com/id/newsroom/fazza/bank-terbaik-di-indonesia,0.2,https://investortrust.id/financial/5075/punya-1112-kantor-bsi-masuk-jajaran-lima-besar-bank-dengan-kantor-terbanyak,0.0
gem-16,7,https://investortrust.id/financial/5075/punya-1112-kantor-bsi-masuk-jajaran-lima-besar-bank-dengan-kantor-terbanyak,0.1333,https://infobankstore.com/artikel/1234/bni-juara-pelayanan-prima-disusul-bsi-bri,0.1333
gem-16,8,https://bankmandiritaspen.co.id/info/id-hari-lansia-nasional-bank-mandiri-taspen-dorong-lansia-tetap-sehat-produktif448/id,0.125,https://investortrust.id/financial/5075/punya-1112-kantor-bsi-masuk-jajaran-lima-besar-bank-dengan-kantor-terbanyak,0.0
gem-16,9,https://investortrust.id/financial/5075/punya-1112-kantor-bsi-masuk-jajaran-lima-besar-bank-dengan-kantor-terbanyak,0.0,https://keuangan.kontan.co.id/news/kantor-cabang-bank-menyusut-di-tengah-percepatan-digitalisasi,0.0
gem-16,10,https://metrotvnews.com/read/KXyCW3mn-bank-mandiri-taspen-siapkan-ekosistem-lansia-ajak-masyarakat-rencanakan-pensiun-di-usia-40-tahun,0.2353,https://bankmandiritaspen.co.id/info/id-hari-lansia-nasional-bank-mandiri-taspen-dorong-lansia-tetap-sehat-produktif448/id,0.1765
gem-16,11,https://metrotvnews.com/read/KXyCW3mn-bank-mandiri-taspen-siapkan-ekosistem-lansia-ajak-masyarakat-rencanakan-pensiun-di-usia-40-tahun,0.25,https://bankmandiritaspen.co.id/info/id-hari-lansia-nasional-bank-mandiri-taspen-dorong-lansia-tetap-sehat-produktif448/id,0.0833
gem-16,12,https://investortrust.id/financial/5075/punya-1112-kantor-bsi-masuk-jajaran-lima-besar-bank-dengan-kantor-terbanyak,0.0,https://keuangan.kontan.co.id/news/kantor-cabang-bank-menyusut-di-tengah-percepatan-digitalisasi,0.0
gem-16,13,https://investortrust.id/financial/5075/punya-1112-kantor-bsi-masuk-jajaran-lima-besar-bank-dengan-kantor-terbanyak,0.0,https://keuangan.kontan.co.id/news/kantor-cabang-bank-menyusut-di-tengah-percepatan-digitalisasi,0.0
gem-16,14,https://infobankstore.com/artikel/1234/bni-juara-pelayanan-prima-disusul-bsi-bri,0.069,https://investortrust.id/financial/5075/punya-1112-kantor-bsi-masuk-jajaran-lima-besar-bank-dengan-kantor-terbanyak,0.0
gem-16,15,https://investortrust.id/financial/5075/punya-1112-kantor-bsi-masuk-jajaran-lima-besar-bank-dengan-kantor-terbanyak,0.0,https://keuangan.kontan.co.id/news/kantor-cabang-bank-menyusut-di-tengah-percepatan-digitalisasi,0.0
gem-16,16,https://fazz.com/id/newsroom/fazza/bank-terbaik-di-indonesia,0.0526,https://investortrust.id/financial/5075/punya-1112-kantor-bsi-masuk-jajaran-lima-besar-bank-dengan-kantor-terbanyak,0.0
gem-17,0,https://hokibank.co.id/bank-digital-apakah-aman-ini-jawaban-solusinya,0.4167,https://seabank.co.id/produk-layanan/digital/tabungan,0.4167
gem-17,1,https://zaipad.com/bank-digital-terbaik-di-indonesia,0.3,https://finance.detik.com/moneter/d-8048383/nabung-di-bank-digital-aman-dijamin-lps,0.2
gem-17,2,https://zaipad.com/bank-digital-terbaik-di-indonesia,0.375,https://akulaku.com/blog/perbandingan-bank-digital-terbaik-2026,0.25
gem-17,3,https://finance.detik.com/moneter/d-8048383/nabung-di-bank-digital-aman-dijamin-lps,0.3333,https://zaipad.com/bank-digital-terbaik-di-indonesia,0.3333
gem-17,4,https://lps.go.id,1.0,https://akulaku.com/blog/perbandingan-bank-digital-terbaik-2026,1.0
gem-17,5,https://lps.go.id,0.0,https://finance.detik.com/moneter/d-8048383/nabung-di-bank-digital-aman-dijamin-lps,0.0
gem-17,6,https://zaipad.com/bank-digital-terbaik-di-indonesia,0.7,https://lps.go.id,0.1
gem-17,7,https://zaipad.com/bank-digital-terbaik-di-indonesia,0.2381,https://vida.id/id/blog/bank-digital-terbaik,0.1905
gem-17,8,https://lps.go.id,1.0,https://akulaku.com/blog/perbandingan-bank-digital-terbaik-2026,1.0
gem-17,9,https://finance.detik.com/moneter/d-8048383/nabung-di-bank-digital-aman-dijamin-lps,0.2,https://zaipad.com/bank-digital-terbaik-di-indonesia,0.2
gem-17,10,https://lps.go.id,0.0909,https://finance.detik.com/moneter/d-8048383/nabung-di-bank-digital-aman-dijamin-lps,0.0909
gem-17,11,https://finance.detik.com/moneter/d-8048383/nabung-di-bank-digital-aman-dijamin-lps,0.1667,https://lps.go.id,0.0
gem-17,12,https://zaipad.com/bank-digital-terbaik-di-indonesia,0.2778,https://lps.go.id,0.2222
gem-17,13,https://zaipad.com/bank-digital-terbaik-di-indonesia,0.32,https://finance.detik.com/moneter/d-8048383/nabung-di-bank-digital-aman-dijamin-lps,0.16
gem-17,14,https://lps.go.id,0.0,https://finance.detik.com/moneter/d-8048383/nabung-di-bank-digital-aman-dijamin-lps,0.0
gem-18,0,https://alamisharia.co.id/blogs/tips/7-cara-aman-transaksi-online-menurut-ojk,0.1176,https://allianz.co.id/explore/5-tips-aman-transaksi-digital-dan-lindungi-data-pribadi.html,0.1176
gem-18,1,https://bca.co.id/id/informasi/awas-modus/2025/02/12/10/09/cara-melindungi-data-pribadi-perbankan-agar-tidak-disalahgunakan,0.1429,https://fazz.com/id/newsroom/fazza/bank-terbaik-di-indonesia,0.1429
gem-18,2,https://idnic.net/blog/detail/10-cara-menghindari-phishing/Mjc4,1.0,https://padangsambian.denpasarkota.go.id/berita/cara-menghindari-dan-melindungi-diri-dari-phishing,1.0
gem-18,3,https://bankmandiri.co.id/hati-hati-modus-phishing-berkedok-qris-cara-mencegah-penipuan-digital,0.375,https://alamisharia.co.id/blogs/tips/7-cara-aman-transaksi-online-menurut-ojk,0.375
gem-18,4,https://alamisharia.co.id/blogs/tips/7-cara-aman-transaksi-online-menurut-ojk,0.2857,https://bankmandiri.co.id/hati-hati-modus-phishing-berkedok-qris-cara-mencegah-penipuan-digital,0.2381
gem-18,5,https://bankmandiri.co.id/hati-hati-modus-phishing-berkedok-qris-cara-mencegah-penipuan-digital,0.1667,https://alamisharia.co.id/blogs/tips/7-cara-aman-transaksi-online-menurut-ojk,0.1667
gem-18,6,https://idnic.net/blog/detail/10-cara-menghindari-phishing/Mjc4,1.0,https://padangsambian.denpasarkota.go.id/berita/cara-menghindari-dan-melindungi-diri-dari-phishing,1.0
gem-18,7,https://idnic.net/blog/detail/10-cara-menghindari-phishing/Mjc4,0.0,https://padangsambian.denpasarkota.go.id/berita/cara-menghindari-dan-melindungi-diri-dari-phishing,0.0
gem-18,8,https://idnic.net/blog/detail/10-cara-menghindari-phishing/Mjc4,0.1,https://bankmandiri.co.id/hati-hati-modus-phishing-berkedok-qris-cara-mencegah-penipuan-digital,0.0333
gem-18,9,https://idnic.net/blog/detail/10-cara-menghindari-phishing/Mjc4,0.1071,https://padangsambian.denpasarkota.go.id/berita/cara-menghindari-dan-melindungi-diri-dari-phishing,0.0
gem-18,10,https://idnic.net/blog/detail/10-cara-menghindari-phishing/Mjc4,1.0,https://padangsambian.denpasarkota.go.id/berita/cara-menghindari-dan-melindungi-diri-dari-phishing,1.0
gem-18,11,https://bprartatama.com/5-tips-aman-transaksi-digital,0.5,https://allianz.co.id/explore/5-tips-aman-transaksi-digital-dan-lindungi-data-pribadi.html,0.5
gem-18,12,https://allianz.co.id/explore/5-tips-aman-transaksi-digital-dan-lindungi-data-pribadi.html,0.1875,https://bprartatama.com/5-tips-aman-transaksi-digital,0.0625
gem-18,13,https://alamisharia.co.id/blogs/tips/7-cara-aman-transaksi-online-menurut-ojk,0.2143,https://bca.co.id/id/informasi/awas-modus/2025/02/12/10/09/cara-melindungi-data-pribadi-perbankan-agar-tidak-disalahgunakan,0.1429
gem-18,14,https://idnic.net/blog/detail/10-cara-menghindari-phishing/Mjc4,1.0,https://padangsambian.denpasarkota.go.id/berita/cara-menghindari-dan-melindungi-diri-dari-phishing,1.0
gem-18,15,https://bprartatama.com/5-tips-aman-transaksi-digital,0.3333,https://idnic.net/blog/detail/10-cara-menghindari-phishing/Mjc4,0.0
gem-18,16,https://bca.co.id/id/informasi/awas-modus/2025/02/12/10/09/cara-melindungi-data-pribadi-perbankan-agar-tidak-disalahgunakan,0.1333,https://allianz.co.id/explore/5-tips-aman-transaksi-digital-dan-lindungi-data-pribadi.html,0.1333
gem-18,17,https://alamisharia.co.id/blogs/tips/7-cara-aman-transaksi-online-menurut-ojk,0.1538,https://bprartatama.com/5-tips-aman-transaksi-digital,0.1538
gem-18,18,https://idnic.net/blog/detail/10-cara-menghindari-phishing/Mjc4,1.0,https://padangsambian.denpasarkota.go.id/berita/cara-menghindari-dan-melindungi-diri-dari-phishing,1.0
gem-18,19,https://bca.co.id/id/informasi/awas-modus/2025/02/12/10/09/cara-melindungi-data-pribadi-perbankan-agar-tidak-disalahgunakan,0.3333,https://alamisharia.co.id/blogs/tips/7-cara-aman-transaksi-online-menurut-ojk,0.3333
gem-18,20,https://bca.co.id/id/informasi/awas-modus/2025/02/12/10/09/cara-melindungi-data-pribadi-perbankan-agar-tidak-disalahgunakan,0.7,https://alamisharia.co.id/blogs/tips/7-cara-aman-transaksi-online-menurut-ojk,0.3
gem-18,21,https://bca.co.id/id/informasi/awas-modus/2025/02/12/10/09/cara-melindungi-data-pribadi-perbankan-agar-tidak-disalahgunakan,0.1111,https://idnic.net/blog/detail/10-cara-menghindari-phishing/Mjc4,0.0
gem-18,22,https://idnic.net/blog/detail/10-cara-menghindari-phishing/Mjc4,1.0,https://padangsambian.denpasarkota.go.id/berita/cara-menghindari-dan-melindungi-diri-dari-phishing,1.0
gem-18,23,https://alamisharia.co.id/blogs/tips/7-cara-aman-transaksi-online-menurut-ojk,0.25,https://bprartatama.com/5-tips-aman-transaksi-digital,0.25
gem-18,24,https://alamisharia.co.id/blogs/tips/7-cara-aman-transaksi-online-menurut-ojk,0.3,https://allianz.co.id/explore/5-tips-aman-transaksi-digital-dan-lindungi-data-pribadi.html,0.1
gem-18,25,https://bca.co.id/id/informasi/awas-modus/2025/02/12/10/09/cara-melindungi-data-pribadi-perbankan-agar-tidak-disalahgunakan,0.0625,https://alamisharia.co.id/blogs/tips/7-cara-aman-transaksi-online-menurut-ojk,0.0625
gem-18,26,https://idnic.net/blog/detail/10-cara-menghindari-phishing/Mjc4,1.0,https://padangsambian.denpasarkota.go.id/berita/cara-menghindari-dan-melindungi-diri-dari-phishing,1.0
gem-18,27,https://bankmandiri.co.id/hati-hati-modus-phishing-berkedok-qris-cara-mencegah-penipuan-digital,0.2,https://bca.co.id/id/informasi/awas-modus/2025/02/12/10/09/cara-melindungi-data-pribadi-perbankan-agar-tidak-disalahgunakan,0.2
gem-18,28,https://bca.co.id/id/informasi/awas-modus/2025/02/12/10/09/cara-melindungi-data-pribadi-perbankan-agar-tidak-disalahgunakan,0.1429,https://bankmandiri.co.id/hati-hati-modus-phishing-berkedok-qris-cara-mencegah-penipuan-digital,0.0714
gem-18,29,https://bca.co.id/id/informasi/awas-modus/2025/02/12/10/09/cara-melindungi-data-pribadi-perbankan-agar-tidak-disalahgunakan,0.1429,https://padangsambian.denpasarkota.go.id/berita/cara-menghindari-dan-melindungi-diri-dari-phishing,0.0714
gem-19,0,https://lapssjk.id,0.25,https://bri.co.id/pengaduan-nasabah,0.0833
gem-19,1,https://lapssjk.id,0.0,https://bankmandiri.co.id/layanan-pengaduan-nasabah,0.0
gem-19,2,https://lapssjk.id,0.2857,https://bankmandiri.co.id/layanan-pengaduan-nasabah,0.0
gem-19,3,https://lapssjk.id,0.0,https://bankmandiri.co.id/layanan-pengaduan-nasabah,0.0
gem-19,4,https://lapssjk.id,0.0,https://bankmandiri.co.id/layanan-pengaduan-nasabah,0.0
gem-19,5,https://lapssjk.id,0.5,https://bankmandiri.co.id/layanan-pengaduan-nasabah,0.0
gem-19,6,https://lapssjk.id,0.0,https://bankmandiri.co.id/layanan-pengaduan-nasabah,0.0
gem-19,7,https://bankmandiri.co.id/layanan-pengaduan-nasabah,0.2,https://lapssjk.id,0.0
gem-19,8,https://lapssjk.id,0.0,https://bankmandiri.co.id/layanan-pengaduan-nasabah,0.0
gem-19,9,https://lapssjk.id,0.0,https://bankmandiri.co.id/layanan-pengaduan-nasabah,0.0
gem-19,10,https://lapssjk.id,0.25,https://bankmandiri.co.id/layanan-pengaduan-nasabah,0.0
gem-19,11,https://lapssjk.id,0.0,https://bankmandiri.co.id/layanan-pengaduan-nasabah,0.0
gem-19,12,https://lapssjk.id,0.0,https://bankmandiri.co.id/layanan-pengaduan-nasabah,0.0
gem-19,13,https://lapssjk.id,0.0,https://bankmandiri.co.id/layanan-pengaduan-nasabah,0.0
gem-19,14,https://lapssjk.id,0.0,https://bankmandiri.co.id/layanan-pengaduan-nasabah,0.0
gem-19,15,https://lapssjk.id,0.0,https://bankmandiri.co.id/layanan-pengaduan-nasabah,0.0
gem-19,16,https://lapssjk.id,0.0,https://bankmandiri.co.id/layanan-pengaduan-nasabah,0.0
gem-19,17,https://lapssjk.id,0.0,https://bankmandiri.co.id/layanan-pengaduan-nasabah,0.0
gem-19,18,https://lapssjk.id,0.0,https://bankmandiri.co.id/layanan-pengaduan-nasabah,0.0
gem-19,19,https://lapssjk.id,0.0,https://bankmandiri.co.id/layanan-pengaduan-nasabah,0.0
gem-19,20,https://lapssjk.id,1.0,https://bankmandiri.co.id/layanan-pengaduan-nasabah,1.0
gem-19,21,https://lapssjk.id,0.7273,https://bri.co.id/pengaduan-nasabah,0.0909
gem-19,22,https://lapssjk.id,0.5385,https://bri.co.id/pengaduan-nasabah,0.0769
gem-19,23,https://lapssjk.id,0.0769,https://bankmandiri.co.id/layanan-pengaduan-nasabah,0.0
gem-19,24,https://bankmandiri.co.id/layanan-pengaduan-nasabah,1.0,https://lapssjk.id,0.0
gem-19,25,https://lapssjk.id,0.25,https://bri.co.id/pengaduan-nasabah,0.125
gem-19,26,https://lapssjk.id,0.0833,https://bri.co.id/pengaduan-nasabah,0.0833
gem-19,27,https://lapssjk.id,0.0,https://bankmandiri.co.id/layanan-pengaduan-nasabah,0.0
gem-19,28,https://lapssjk.id,0.0,https://bankmandiri.co.id/layanan-pengaduan-nasabah,0.0
gem-19,29,https://lapssjk.id,0.0,https://bankmandiri.co.id/layanan-pengaduan-nasabah,0.0
gem-19,30,https://lapssjk.id,0.0,https://bankmandiri.co.id/layanan-pengaduan-nasabah,0.0
gem-19,31,https://lapssjk.id,0.0,https://bankmandiri.co.id/layanan-pengaduan-nasabah,0.0
gem-19,32,https://bankmandiri.co.id/layanan-pengaduan-nasabah,1.0,https://lapssjk.id,0.0
gem-19,33,https://lapssjk.id,0.0,https://bankmandiri.co.id/layanan-pengaduan-nasabah,0.0
gem-19,34,https://bri.co.id/pengaduan-nasabah,0.0667,https://lapssjk.id,0.0
gem-19,35,https://lapssjk.id,0.0,https://bankmandiri.co.id/layanan-pengaduan-nasabah,0.0
gem-19,36,https://bri.co.id/pengaduan-nasabah,0.5,https://lapssjk.id,0.0
gem-19,37,https://lapssjk.id,0.0,https://bankmandiri.co.id/layanan-pengaduan-nasabah,0.0
gem-19,38,https://lapssjk.id,0.0,https://bankmandiri.co.id/layanan-pengaduan-nasabah,0.0
gem-20,0,https://hokibank.co.id/bank-digital-apakah-aman-ini-jawaban-solusinya,0.4348,https://akulaku.com/blog/perbandingan-bank-digital-terbaik-2026,0.3913
gem-20,1,https://finance.detik.com/moneter/d-8048383/nabung-di-bank-digital-aman-dijamin-lps,0.2,https://hokibank.co.id/bank-digital-apakah-aman-ini-jawaban-solusinya,0.2
gem-20,2,https://ojk.go.id,1.0,https://lps.go.id,1.0
gem-20,3,https://hokibank.co.id/bank-digital-apakah-aman-ini-jawaban-solusinya,0.1429,https://ojk.go.id,0.0
gem-20,4,https://hokibank.co.id/bank-digital-apakah-aman-ini-jawaban-solusinya,0.1,https://vida.id/id/blog/bank-digital-terbaik,0.1
gem-20,5,https://ojk.go.id,0.5,https://hokibank.co.id/bank-digital-apakah-aman-ini-jawaban-solusinya,0.5
gem-20,6,https://hokibank.co.id/bank-digital-apakah-aman-ini-jawaban-solusinya,0.25,https://vida.id/id/blog/bank-digital-terbaik,0.25
gem-20,7,https://akulaku.com/blog/perbandingan-bank-digital-terbaik-2026,0.2667,https://zaipad.com/bank-digital-terbaik-di-indonesia,0.2
gem-20,8,https://akulaku.com/blog/perbandingan-bank-digital-terbaik-2026,0.0625,https://ojk.go.id,0.0
gem-20,9,https://ojk.go.id,1.0,https://lps.go.id,1.0
gem-20,10,https://ojk.go.id,0.0,https://lps.go.id,0.0
gem-20,11,https://ojk.go.id,0.0,https://lps.go.id,0.0
gem-20,12,https://ojk.go.id,0.1818,https://lps.go.id,0.0909
gem-20,13,https://hokibank.co.id/bank-digital-apakah-aman-ini-jawaban-solusinya,0.2,https://akulaku.com/blog/perbandingan-bank-digital-terbaik-2026,0.2
gem-20,14,https://akulaku.com/blog/perbandingan-bank-digital-terbaik-2026,1.0,https://ojk.go.id,0.0
gem-20,15,https://akulaku.com/blog/perbandingan-bank-digital-terbaik-2026,0.4,https://zaipad.com/bank-digital-terbaik-di-indonesia,0.4
gem-20,16,https://akulaku.com/blog/perbandingan-bank-digital-terbaik-2026,0.4,https://zaipad.com/bank-digital-terbaik-di-indonesia,0.4
gem-20,17,https://zaipad.com/bank-digital-terbaik-di-indonesia,0.4,https://ojk.go.id,0.2
gem-20,18,https://ojk.go.id,0.2,https://hokibank.co.id/bank-digital-apakah-aman-ini-jawaban-solusinya,0.2
gem-20,19,https://zaipad.com/bank-digital-terbaik-di-indonesia,0.6667,https://ojk.go.id,0.1667
gem-20,20,https://ojk.go.id,1.0,https://akulaku.com/blog/perbandingan-bank-digital-terbaik-2026,1.0
gem-20,21,https://akulaku.com/blog/perbandingan-bank-digital-terbaik-2026,0.25,https://ojk.go.id,0.0
gem-20,22,https://ojk.go.id,0.1429,https://vida.id/id/blog/bank-digital-terbaik,0.1429
gem-20,23,https://ojk.go.id,0.1667,https://lps.go.id,0.0
gem-20,24,https://finance.detik.com/moneter/d-8048383/nabung-di-bank-digital-aman-dijamin-lps,0.25,https://zaipad.com/bank-digital-terbaik-di-indonesia,0.25
gem-20,25,https://finance.detik.com/moneter/d-8048383/nabung-di-bank-digital-aman-dijamin-lps,0.25,https://zaipad.com/bank-digital-terbaik-di-indonesia,0.25
gem-20,26,https://akulaku.com/blog/perbandingan-bank-digital-terbaik-2026,0.1429,https://ojk.go.id,0.0
gem-20,27,https://zaipad.com/bank-digital-terbaik-di-indonesia,0.2222,https://finance.detik.com/moneter/d-8048383/nabung-di-bank-digital-aman-dijamin-lps,0.1111
gem-20,28,https://akulaku.com/blog/perbandingan-bank-digital-terbaik-2026,0.4,https://zaipad.com/bank-digital-terbaik-di-indonesia,0.4
gem-20,29,https://zaipad.com/bank-digital-terbaik-di-indonesia,0.3846,https://finance.detik.com/moneter/d-8048383/nabung-di-bank-digital-aman-dijamin-lps,0.2308
